"","Region","Taxa","Timesteps","Group","Probability","Best","Worst","Predator"
"1","Suisun Bay","Acartiella",1,"Zoop",22.0162774,14.01888789,33.86258788,"Northern anchovy"
"13","Suisun Bay","Limnoithona",1,"Zoop",26.14388508,18.8370378,36.9126909,"Northern anchovy"
"25","San Pablo Bay","Pseudodiaptomus",1,"Zoop",17.95404765,6.500585134,35.76723453,"Northern anchovy"
"37","Suisun Bay","Pseudodiaptomus",1,"Zoop",26.53203881,18.86727485,36.62363177,"Northern anchovy"
"49","Suisun Bay","Eurytemora",1,"Zoop",27.82660328,16.22051717,42.75296059,"Northern anchovy"
"60","San Pablo Bay","Acartia",1,"Zoop",5.681540263,1.308826475,16.84849437,"Northern anchovy"
"72","Suisun Bay","Acartia",1,"Zoop",25.56115709,11.34385982,44.29610911,"Northern anchovy"
"84","San Pablo Bay","Oithona",1,"Zoop",14.90654498,6.160221686,26.67043444,"Northern anchovy"
"96","Suisun Bay","Oithona",1,"Zoop",18.93646984,7.882730118,35.13264467,"Northern anchovy"
"108","Suisun Bay","Tortanus",1,"Zoop",7.214189059,2.209127003,18.74176229,"Northern anchovy"
"120","San Pablo Bay","Engraulis mordax",1,"Fish",31.01961067,26.27537868,37.82934934,"Northern anchovy"
"132","Suisun Bay","Engraulis mordax",1,"Fish",27.81171438,20.95544212,37.7348035,"Northern anchovy"
"142","Suisun Bay","Acartiella",2,"Zoop",38.64551609,28.16221886,53.40258951,"Northern anchovy"
"154","Suisun Bay","Limnoithona",2,"Zoop",42.71936482,33.92014509,55.57500299,"Northern anchovy"
"166","San Pablo Bay","Pseudodiaptomus",2,"Zoop",33.01958246,14.51570714,56.13786683,"Northern anchovy"
"178","Suisun Bay","Pseudodiaptomus",2,"Zoop",43.92125684,34.72620604,56.02104039,"Northern anchovy"
"190","Suisun Bay","Eurytemora",2,"Zoop",43.63580565,27.79749152,60.86465929,"Northern anchovy"
"201","San Pablo Bay","Acartia",2,"Zoop",16.9259253,7.387557409,36.91117924,"Northern anchovy"
"213","Suisun Bay","Acartia",2,"Zoop",41.35874444,20.53060102,63.44892644,"Northern anchovy"
"225","San Pablo Bay","Oithona",2,"Zoop",24.84130046,10.54158575,42.88935081,"Northern anchovy"
"237","Suisun Bay","Oithona",2,"Zoop",33.24381906,15.53539602,54.89229178,"Northern anchovy"
"249","Suisun Bay","Tortanus",2,"Zoop",17.91644595,7.698769033,38.88912276,"Northern anchovy"
"261","San Pablo Bay","Engraulis mordax",2,"Fish",47.23598458,42.03694696,55.02586788,"Northern anchovy"
"273","Suisun Bay","Engraulis mordax",2,"Fish",44.22033473,36.17006963,55.82565865,"Northern anchovy"
"283","Suisun Bay","Acartiella",3,"Zoop",47.96976828,35.86574496,63.63110778,"Northern anchovy"
"295","Suisun Bay","Limnoithona",3,"Zoop",51.70687391,41.93732473,65.16121835,"Northern anchovy"
"307","San Pablo Bay","Pseudodiaptomus",3,"Zoop",42.13737246,17.06578096,66.98290225,"Northern anchovy"
"319","Suisun Bay","Pseudodiaptomus",3,"Zoop",53.41632725,43.67573863,66.01798902,"Northern anchovy"
"331","Suisun Bay","Eurytemora",3,"Zoop",52.2303845,32.64599995,70.0104086,"Northern anchovy"
"342","San Pablo Bay","Acartia",3,"Zoop",25.58182692,11.1870434,49.7740058,"Northern anchovy"
"354","Suisun Bay","Acartia",3,"Zoop",50.22375574,23.58546537,73.06060066,"Northern anchovy"
"366","San Pablo Bay","Oithona",3,"Zoop",31.7009902,12.18296321,54.09736687,"Northern anchovy"
"378","Suisun Bay","Oithona",3,"Zoop",42.02925982,18.5952937,65.74856812,"Northern anchovy"
"390","Suisun Bay","Tortanus",3,"Zoop",26.33146621,12.08760096,52.12500883,"Northern anchovy"
"402","San Pablo Bay","Engraulis mordax",3,"Fish",55.73058911,50.25012077,63.79017235,"Northern anchovy"
"414","Suisun Bay","Engraulis mordax",3,"Fish",53.00194418,44.11080628,65.0749842,"Northern anchovy"
"424","Suisun Bay","Acartiella",4,"Zoop",54.04791852,40.41997114,70.06669315,"Northern anchovy"
"436","Suisun Bay","Limnoithona",4,"Zoop",57.50051669,46.77473104,71.16479765,"Northern anchovy"
"448","San Pablo Bay","Pseudodiaptomus",4,"Zoop",48.28181864,16.7579355,73.78836882,"Northern anchovy"
"460","Suisun Bay","Pseudodiaptomus",4,"Zoop",59.55153796,49.42252206,72.26272775,"Northern anchovy"
"472","Suisun Bay","Eurytemora",4,"Zoop",57.77925806,34.63634286,75.67387774,"Northern anchovy"
"483","San Pablo Bay","Acartia",4,"Zoop",31.9740072,11.8441167,58.5417262,"Northern anchovy"
"495","Suisun Bay","Acartia",4,"Zoop",56.02461058,23.99422161,78.92834089,"Northern anchovy"
"507","San Pablo Bay","Oithona",4,"Zoop",36.97566927,13.06739531,62.20963558,"Northern anchovy"
"519","Suisun Bay","Oithona",4,"Zoop",48.03322918,19.18768801,72.66785679,"Northern anchovy"
"531","Suisun Bay","Tortanus",4,"Zoop",32.7697878,14.4201706,61.20953702,"Northern anchovy"
"543","San Pablo Bay","Engraulis mordax",4,"Fish",61.13090753,55.33755717,69.29037212,"Northern anchovy"
"555","Suisun Bay","Engraulis mordax",4,"Fish",58.63228808,48.88322725,70.86813332,"Northern anchovy"
"565","Suisun Bay","Acartiella",5,"Zoop",58.39274874,43.29292449,74.5517072,"Northern anchovy"
"577","Suisun Bay","Limnoithona",5,"Zoop",61.62326288,49.94197337,75.34677842,"Northern anchovy"
"589","San Pablo Bay","Pseudodiaptomus",5,"Zoop",52.74971709,15.37695107,78.48526043,"Northern anchovy"
"601","Suisun Bay","Pseudodiaptomus",5,"Zoop",63.92145616,53.44123244,76.59399209,"Northern anchovy"
"613","Suisun Bay","Eurytemora",5,"Zoop",61.72768025,35.31355931,79.57890061,"Northern anchovy"
"624","San Pablo Bay","Acartia",5,"Zoop",36.82648915,10.82182813,64.90428473,"Northern anchovy"
"636","Suisun Bay","Acartia",5,"Zoop",60.18289959,23.34552369,82.90732298,"Northern anchovy"
"648","San Pablo Bay","Oithona",5,"Zoop",41.20001455,13.38531901,68.29902582,"Northern anchovy"
"660","Suisun Bay","Oithona",5,"Zoop",52.44464699,18.62342035,77.48665546,"Northern anchovy"
"672","Suisun Bay","Tortanus",5,"Zoop",37.82017495,15.15695313,67.79257626,"Northern anchovy"
"684","San Pablo Bay","Engraulis mordax",5,"Fish",64.94390461,58.81411938,73.14070178,"Northern anchovy"
"696","Suisun Bay","Engraulis mordax",5,"Fish",62.62621823,52.01017136,74.90952211,"Northern anchovy"
"706","Suisun Bay","Acartiella",6,"Zoop",61.68998081,45.18077102,77.88461425,"Northern anchovy"
"718","Suisun Bay","Limnoithona",6,"Zoop",64.74675785,52.12641002,78.45858868,"Northern anchovy"
"730","San Pablo Bay","Pseudodiaptomus",6,"Zoop",56.1723451,13.74808312,81.93036862,"Northern anchovy"
"742","Suisun Bay","Pseudodiaptomus",6,"Zoop",67.23330117,56.414818,79.80061905,"Northern anchovy"
"754","Suisun Bay","Eurytemora",6,"Zoop",64.71618627,35.35110753,82.45624039,"Northern anchovy"
"765","San Pablo Bay","Acartia",6,"Zoop",40.62298896,9.201575785,69.74059578,"Northern anchovy"
"777","Suisun Bay","Acartia",6,"Zoop",63.34486164,22.3227804,85.78769126,"Northern anchovy"
"789","San Pablo Bay","Oithona",6,"Zoop",44.67331647,13.20731807,73.0119026,"Northern anchovy"
"801","Suisun Bay","Oithona",6,"Zoop",55.85150784,17.58694373,81.04199527,"Northern anchovy"
"813","Suisun Bay","Tortanus",6,"Zoop",41.893342,14.90542648,72.76846819,"Northern anchovy"
"825","San Pablo Bay","Engraulis mordax",6,"Fish",67.81789159,61.34176464,76.02351053,"Northern anchovy"
"837","Suisun Bay","Engraulis mordax",6,"Fish",65.64556161,54.17357844,77.92298699,"Northern anchovy"
"847","Suisun Bay","Acartiella",7,"Zoop",64.29869938,46.45083055,80.47279441,"Northern anchovy"
"859","Suisun Bay","Limnoithona",7,"Zoop",67.21759912,53.68556978,80.8804936,"Northern anchovy"
"871","San Pablo Bay","Pseudodiaptomus",7,"Zoop",58.89419551,12.21106878,84.5661703,"Northern anchovy"
"883","Suisun Bay","Pseudodiaptomus",7,"Zoop",69.85314872,58.70412392,82.28275466,"Northern anchovy"
"895","Suisun Bay","Eurytemora",7,"Zoop",67.07658195,35.07162106,84.67423253,"Northern anchovy"
"906","San Pablo Bay","Acartia",7,"Zoop",43.67009178,7.537777217,73.5455241,"Northern anchovy"
"918","Suisun Bay","Acartia",7,"Zoop",65.85014205,21.22480431,87.96787289,"Northern anchovy"
"930","San Pablo Bay","Oithona",7,"Zoop",47.5874614,12.67519788,76.75110064,"Northern anchovy"
"942","Suisun Bay","Oithona",7,"Zoop",58.57894605,16.41841879,83.77333915,"Northern anchovy"
"954","Suisun Bay","Tortanus",7,"Zoop",45.2579973,14.11882232,76.65209009,"Northern anchovy"
"966","San Pablo Bay","Engraulis mordax",7,"Fish",70.08284802,63.25911379,78.28257733,"Northern anchovy"
"978","Suisun Bay","Engraulis mordax",7,"Fish",68.03007318,55.72519217,80.27397851,"Northern anchovy"
"988","Suisun Bay","Acartiella",8,"Zoop",66.42693043,47.31383583,82.54809955,"Northern anchovy"
"1000","Suisun Bay","Limnoithona",8,"Zoop",69.23476516,54.8240789,82.82786379,"Northern anchovy"
"1012","San Pablo Bay","Pseudodiaptomus",8,"Zoop",61.1202905,10.88422456,86.64612534,"Northern anchovy"
"1024","Suisun Bay","Pseudodiaptomus",8,"Zoop",71.99156196,60.51891188,84.26725606,"Northern anchovy"
"1036","Suisun Bay","Eurytemora",8,"Zoop",68.99987732,34.64015822,86.44082851,"Northern anchovy"
"1047","San Pablo Bay","Acartia",8,"Zoop",46.16713939,6.062914519,76.61875844,"Northern anchovy"
"1059","Suisun Bay","Acartia",8,"Zoop",67.89611912,20.18025078,89.6724346,"Northern anchovy"
"1071","San Pablo Bay","Oithona",8,"Zoop",50.07290085,11.9401057,79.77811766,"Northern anchovy"
"1083","Suisun Bay","Oithona",8,"Zoop",60.82244004,15.27995,85.93524539,"Northern anchovy"
"1095","Suisun Bay","Tortanus",8,"Zoop",48.09302031,13.0883421,79.75938679,"Northern anchovy"
"1107","San Pablo Bay","Engraulis mordax",8,"Fish",71.92653537,64.75888442,80.11217743,"Northern anchovy"
"1119","Suisun Bay","Engraulis mordax",8,"Fish",69.9741458,56.8653673,82.16921769,"Northern anchovy"
"1129","Suisun Bay","Acartiella",9,"Zoop",68.20442661,47.89863055,84.25322741,"Northern anchovy"
"1141","Suisun Bay","Limnoithona",9,"Zoop",70.92161061,55.66761084,84.43284686,"Northern anchovy"
"1153","San Pablo Bay","Pseudodiaptomus",9,"Zoop",62.98095438,9.78921622,88.3267246,"Northern anchovy"
"1165","Suisun Bay","Pseudodiaptomus",9,"Zoop",73.77924635,61.99007204,85.89335206,"Northern anchovy"
"1177","Suisun Bay","Eurytemora",9,"Zoop",70.6047216,34.14473072,87.88325735,"Northern anchovy"
"1188","San Pablo Bay","Acartia",9,"Zoop",48.24846723,4.845973504,79.15278763,"Northern anchovy"
"1200","Suisun Bay","Acartia",9,"Zoop",69.60621793,19.23957963,91.03837516,"Northern anchovy"
"1212","San Pablo Bay","Oithona",9,"Zoop",52.22175319,11.12264194,82.26937886,"Northern anchovy"
"1224","Suisun Bay","Oithona",9,"Zoop",62.70723949,14.24261375,87.68615275,"Northern anchovy"
"1236","Suisun Bay","Tortanus",9,"Zoop",50.52121061,11.98803881,82.29494097,"Northern anchovy"
"1248","San Pablo Bay","Engraulis mordax",9,"Fish",73.46462757,65.95951019,81.63139493,"Northern anchovy"
"1260","Suisun Bay","Engraulis mordax",9,"Fish",71.59800351,57.7168082,83.73546024,"Northern anchovy"
"1270","Suisun Bay","Acartiella",10,"Zoop",69.7167999,48.28796084,85.68132976,"Northern anchovy"
"1282","Suisun Bay","Limnoithona",10,"Zoop",72.35917551,56.29761791,85.78153689,"Northern anchovy"
"1294","San Pablo Bay","Pseudodiaptomus",10,"Zoop",64.56338763,8.908420501,89.71022905,"Northern anchovy"
"1306","Suisun Bay","Pseudodiaptomus",10,"Zoop",75.30215023,63.20384394,87.2517288,"Northern anchovy"
"1318","Suisun Bay","Eurytemora",10,"Zoop",71.96917555,33.63324742,89.08418044,"Northern anchovy"
"1329","San Pablo Bay","Acartia",10,"Zoop",50.00773899,3.8819595,81.27721764,"Northern anchovy"
"1341","Suisun Bay","Acartia",10,"Zoop",71.06204542,18.41674031,92.15437339,"Northern anchovy"
"1353","San Pablo Bay","Oithona",10,"Zoop",54.10102868,10.30475062,84.34801671,"Northern anchovy"
"1365","Suisun Bay","Oithona",10,"Zoop",64.31768565,13.33132572,89.13022522,"Northern anchovy"
"1377","Suisun Bay","Tortanus",10,"Zoop",52.62950773,10.91589754,84.3971848,"Northern anchovy"
"1389","San Pablo Bay","Engraulis mordax",10,"Fish",74.772764,66.93811317,82.9177925,"Northern anchovy"
"1401","Suisun Bay","Engraulis mordax",10,"Fish",72.98048784,58.35891656,85.05526191,"Northern anchovy"
"1411","San Pablo Bay","Pseudodiaptomus",1,"Zoop",23.94690454,8.726980474,45.04581145,"Pacific herring"
"1447","San Pablo Bay","Acartia",1,"Zoop",19.23158005,8.647861285,32.49363042,"Pacific herring"
"1483","San Pablo Bay","Oithona",1,"Zoop",19.42852589,6.441268937,39.68863214,"Pacific herring"
"1519","San Pablo Bay","Clupea pallasii",1,"Fish",30.0918499,24.82375324,37.70884664,"Pacific herring"
"1549","San Pablo Bay","Pseudodiaptomus",2,"Zoop",40.59089203,18.04948898,65.1230701,"Pacific herring"
"1585","San Pablo Bay","Acartia",2,"Zoop",30.07772376,13.46438446,49.88107625,"Pacific herring"
"1621","San Pablo Bay","Oithona",2,"Zoop",35.8896744,15.5112742,60.73307031,"Pacific herring"
"1657","San Pablo Bay","Clupea pallasii",2,"Fish",46.88097435,41.11382041,55.78925548,"Pacific herring"
"1687","San Pablo Bay","Pseudodiaptomus",3,"Zoop",49.85437584,20.97250268,74.91791049,"Pacific herring"
"1723","San Pablo Bay","Acartia",3,"Zoop",37.46600157,15.76566036,60.97739785,"Pacific herring"
"1759","San Pablo Bay","Oithona",3,"Zoop",45.39771231,18.44426759,71.31491598,"Pacific herring"
"1795","San Pablo Bay","Clupea pallasii",3,"Fish",55.73365705,49.84561784,65.00124591,"Pacific herring"
"1825","San Pablo Bay","Pseudodiaptomus",4,"Zoop",55.88821295,21.11042836,80.78724104,"Pacific herring"
"1861","San Pablo Bay","Acartia",4,"Zoop",42.95673189,16.77355031,68.56773771,"Pacific herring"
"1897","San Pablo Bay","Oithona",4,"Zoop",51.66963277,18.45589137,77.75106125,"Pacific herring"
"1933","San Pablo Bay","Clupea pallasii",4,"Fish",61.37828852,55.38458697,70.76526505,"Pacific herring"
"1963","San Pablo Bay","Pseudodiaptomus",5,"Zoop",60.20502209,20.19254285,84.70777879,"Pacific herring"
"1999","San Pablo Bay","Acartia",5,"Zoop",47.22671734,16.80627653,74.05764911,"Pacific herring"
"2035","San Pablo Bay","Oithona",5,"Zoop",56.18157365,17.37167357,82.09555595,"Pacific herring"
"2071","San Pablo Bay","Clupea pallasii",5,"Fish",65.37194267,59.2580145,74.78564053,"Pacific herring"
"2101","San Pablo Bay","Pseudodiaptomus",6,"Zoop",63.48582108,18.94572291,87.50800618,"Pacific herring"
"2137","San Pablo Bay","Acartia",6,"Zoop",50.66019536,16.22748131,78.1978412,"Pacific herring"
"2173","San Pablo Bay","Oithona",6,"Zoop",59.61905767,15.97683336,85.22543505,"Pacific herring"
"2209","San Pablo Bay","Clupea pallasii",6,"Fish",68.3871474,62.14003979,77.7840397,"Pacific herring"
"2239","San Pablo Bay","Pseudodiaptomus",7,"Zoop",66.08613687,17.67539545,89.60112977,"Pacific herring"
"2275","San Pablo Bay","Acartia",7,"Zoop",53.4935725,15.33835007,81.42026312,"Pacific herring"
"2311","San Pablo Bay","Oithona",7,"Zoop",62.34583928,14.59521544,87.58293274,"Pacific herring"
"2347","San Pablo Bay","Clupea pallasii",7,"Fish",70.76694299,64.37807645,80.12421371,"Pacific herring"
"2377","San Pablo Bay","Pseudodiaptomus",8,"Zoop",68.21160186,16.5048509,91.21808821,"Pacific herring"
"2413","San Pablo Bay","Acartia",8,"Zoop",55.88043436,14.34121698,83.99036624,"Pacific herring"
"2449","San Pablo Bay","Oithona",8,"Zoop",64.57443125,13.35027148,89.41709685,"Pacific herring"
"2485","San Pablo Bay","Clupea pallasii",8,"Fish",72.70679628,66.17111381,82.01170896,"Pacific herring"
"2515","San Pablo Bay","Pseudodiaptomus",9,"Zoop",69.99036164,15.47619917,92.49877701,"Pacific herring"
"2551","San Pablo Bay","Acartia",9,"Zoop",57.9250337,13.35608728,86.080293,"Pacific herring"
"2587","San Pablo Bay","Oithona",9,"Zoop",66.43816472,12.27784073,90.879677,"Pacific herring"
"2623","San Pablo Bay","Clupea pallasii",9,"Fish",74.32725133,67.64216851,83.57247466,"Pacific herring"
"2653","San Pablo Bay","Pseudodiaptomus",10,"Zoop",71.50692787,14.59519766,93.53318732,"Pacific herring"
"2689","San Pablo Bay","Acartia",10,"Zoop",59.7007601,12.44639958,87.80665247,"Pacific herring"
"2725","San Pablo Bay","Oithona",10,"Zoop",68.02539527,11.37616282,92.06876109,"Pacific herring"
"2761","San Pablo Bay","Clupea pallasii",10,"Fish",75.70719529,68.871808,84.88850334,"Pacific herring"
"2791","San Pablo Bay","Pseudodiaptomus",1,"Zoop",12.15279274,3.999474714,27.21217574,"Jack silverside"
"2815","San Pablo Bay","Acartia",1,"Zoop",4.072052211,0.968039152,12.42141691,"Jack silverside"
"2839","San Pablo Bay","Oithona",1,"Zoop",8.611249385,3.495830857,17.3509085,"Jack silverside"
"2863","San Pablo Bay","Atherinopsis californiensis",1,"Fish",20.04684305,7.772013125,38.70134286,"Jack silverside"
"2875","San Pablo Bay","Pseudodiaptomus",2,"Zoop",25.61343046,10.93884281,48.01162271,"Jack silverside"
"2899","San Pablo Bay","Acartia",2,"Zoop",12.86457372,5.524383544,30.04367045,"Jack silverside"
"2923","San Pablo Bay","Oithona",2,"Zoop",16.16759372,6.501377287,33.86022881,"Jack silverside"
"2947","San Pablo Bay","Atherinopsis californiensis",2,"Fish",35.6506383,16.78195535,59.29895404,"Jack silverside"
"2959","San Pablo Bay","Pseudodiaptomus",3,"Zoop",34.67326371,14.14746576,60.02548646,"Jack silverside"
"2983","San Pablo Bay","Acartia",3,"Zoop",20.37163547,9.044833518,42.76408846,"Jack silverside"
"3007","San Pablo Bay","Oithona",3,"Zoop",22.6993502,9.11653144,46.56237758,"Jack silverside"
"3031","San Pablo Bay","Atherinopsis californiensis",3,"Fish",44.93140767,20.57838455,69.99532217,"Jack silverside"
"3043","San Pablo Bay","Pseudodiaptomus",4,"Zoop",41.05963852,14.42276464,67.83472779,"Jack silverside"
"3067","San Pablo Bay","Acartia",4,"Zoop",26.28840499,10.35736219,51.97391716,"Jack silverside"
"3091","San Pablo Bay","Oithona",4,"Zoop",28.17802908,11.26307986,56.00131097,"Jack silverside"
"3115","San Pablo Bay","Atherinopsis californiensis",4,"Fish",51.15376661,21.51265248,76.59796312,"Jack silverside"
"3127","San Pablo Bay","Pseudodiaptomus",5,"Zoop",45.81671335,13.31682077,73.33628174,"Jack silverside"
"3151","San Pablo Bay","Acartia",5,"Zoop",30.97290932,10.09550484,58.90054985,"Jack silverside"
"3175","San Pablo Bay","Oithona",5,"Zoop",32.75177392,12.50460885,63.15191712,"Jack silverside"
"3199","San Pablo Bay","Atherinopsis californiensis",5,"Fish",55.67586477,21.13611049,81.09360877,"Jack silverside"
"3211","San Pablo Bay","Pseudodiaptomus",6,"Zoop",49.5141981,11.75279464,77.42844841,"Jack silverside"
"3235","San Pablo Bay","Acartia",6,"Zoop",34.7459793,9.022110488,64.2910464,"Jack silverside"
"3259","San Pablo Bay","Oithona",6,"Zoop",36.6030501,12.86239655,68.705551,"Jack silverside"
"3283","San Pablo Bay","Atherinopsis californiensis",6,"Fish",59.14569101,20.21630436,84.35128485,"Jack silverside"
"3295","San Pablo Bay","Pseudodiaptomus",7,"Zoop",52.48223236,10.17443846,80.59228091,"Jack silverside"
"3319","San Pablo Bay","Acartia",7,"Zoop",37.83909645,7.663005711,68.60313603,"Jack silverside"
"3343","San Pablo Bay","Oithona",7,"Zoop",39.88504098,12.57080597,73.11650957,"Jack silverside"
"3367","San Pablo Bay","Atherinopsis californiensis",7,"Fish",61.91295673,19.12182764,86.81553637,"Jack silverside"
"3379","San Pablo Bay","Pseudodiaptomus",8,"Zoop",54.92479238,8.765327605,83.1098981,"Jack silverside"
"3403","San Pablo Bay","Acartia",8,"Zoop",40.41501392,6.311772905,72.12933542,"Jack silverside"
"3427","San Pablo Bay","Oithona",8,"Zoop",42.71568388,11.88206073,76.68673912,"Jack silverside"
"3451","San Pablo Bay","Atherinopsis californiensis",8,"Fish",64.18436278,18.02676619,88.73914243,"Jack silverside"
"3463","San Pablo Bay","Pseudodiaptomus",9,"Zoop",56.97490775,7.58146633,85.15841944,"Jack silverside"
"3487","San Pablo Bay","Acartia",9,"Zoop",42.58943218,5.105781156,75.06470726,"Jack silverside"
"3511","San Pablo Bay","Oithona",9,"Zoop",45.18414586,10.99511367,79.6225064,"Jack silverside"
"3535","San Pablo Bay","Atherinopsis californiensis",9,"Fish",66.09070475,17.00924381,90.27720641,"Jack silverside"
"3547","San Pablo Bay","Pseudodiaptomus",10,"Zoop",58.72326826,6.6208366,86.85505347,"Jack silverside"
"3571","San Pablo Bay","Acartia",10,"Zoop",44.44624613,4.092240994,77.5442855,"Jack silverside"
"3595","San Pablo Bay","Oithona",10,"Zoop",47.35807364,10.04586356,82.06881968,"Jack silverside"
"3619","San Pablo Bay","Atherinopsis californiensis",10,"Fish",67.71922692,16.09952258,91.53051936,"Jack silverside"
"3631","Suisun Bay","Acartiella",1,"Zoop",23.47834242,15.25285665,36.07017652,"Longfin smelt"
"3691","Suisun Bay","Limnoithona",1,"Zoop",25.61641315,18.36025874,36.50503651,"Longfin smelt"
"3751","San Pablo Bay","Pseudodiaptomus",1,"Zoop",20.15148764,7.574953679,38.58267135,"Longfin smelt"
"3811","Suisun Bay","Pseudodiaptomus",1,"Zoop",24.81782145,17.51553012,34.86465322,"Longfin smelt"
"3871","Suisun Bay","Eurytemora",1,"Zoop",28.28929362,17.75085564,41.58095871,"Longfin smelt"
"3926","San Pablo Bay","Acartia",1,"Zoop",12.01023802,4.495133538,24.94341059,"Longfin smelt"
"3986","Suisun Bay","Acartia",1,"Zoop",27.61274932,12.14007727,47.08011644,"Longfin smelt"
"4046","San Pablo Bay","Oithona",1,"Zoop",16.31208001,6.545936321,29.65727215,"Longfin smelt"
"4106","Suisun Bay","Oithona",1,"Zoop",13.45856783,5.005201114,28.67295461,"Longfin smelt"
"4166","Suisun Bay","Tortanus",1,"Zoop",10.43323917,3.38038344,24.5592889,"Longfin smelt"
"4226","San Pablo Bay","Spirinchus thaleichthys",1,"Fish",23.89783988,11.66278682,39.20015281,"Longfin smelt"
"4276","Suisun Bay","Spirinchus thaleichthys",1,"Fish",17.41485471,8.835372195,29.32050087,"Longfin smelt"
"4336","Suisun Bay","Acartiella",2,"Zoop",40.13760832,29.81388119,55.6583417,"Longfin smelt"
"4396","Suisun Bay","Limnoithona",2,"Zoop",42.23408228,33.50484284,55.31761908,"Longfin smelt"
"4456","San Pablo Bay","Pseudodiaptomus",2,"Zoop",35.48108609,15.75510983,58.54519816,"Longfin smelt"
"4516","Suisun Bay","Pseudodiaptomus",2,"Zoop",42.17993438,33.27422465,54.46337133,"Longfin smelt"
"4576","Suisun Bay","Eurytemora",2,"Zoop",44.05197791,29.97437073,59.43103127,"Longfin smelt"
"4631","San Pablo Bay","Acartia",2,"Zoop",24.1012408,10.86638585,44.18135519,"Longfin smelt"
"4691","Suisun Bay","Acartia",2,"Zoop",43.80577316,21.79841894,66.09787802,"Longfin smelt"
"4751","San Pablo Bay","Oithona",2,"Zoop",27.5481313,11.78723081,46.61299415,"Longfin smelt"
"4811","Suisun Bay","Oithona",2,"Zoop",26.92908769,12.31114456,49.58271641,"Longfin smelt"
"4871","Suisun Bay","Tortanus",2,"Zoop",22.9430186,10.28173031,45.27264219,"Longfin smelt"
"4931","San Pablo Bay","Spirinchus thaleichthys",2,"Fish",42.10260194,25.59025,60.40272608,"Longfin smelt"
"4981","Suisun Bay","Spirinchus thaleichthys",2,"Fish",35.09396312,22.24931747,51.14507557,"Longfin smelt"
"5041","Suisun Bay","Acartiella",3,"Zoop",49.42193527,37.87193497,65.80555052,"Longfin smelt"
"5101","Suisun Bay","Limnoithona",3,"Zoop",51.28022695,41.62888708,65.00151904,"Longfin smelt"
"5161","San Pablo Bay","Pseudodiaptomus",3,"Zoop",44.50417754,18.08998892,68.9640167,"Longfin smelt"
"5221","Suisun Bay","Pseudodiaptomus",3,"Zoop",51.77034416,42.26793367,64.66462703,"Longfin smelt"
"5281","Suisun Bay","Eurytemora",3,"Zoop",52.57718779,35.41391248,68.51750186,"Longfin smelt"
"5336","San Pablo Bay","Acartia",3,"Zoop",32.57367793,13.98907631,55.94154562,"Longfin smelt"
"5396","Suisun Bay","Acartia",3,"Zoop",52.71496872,25.26525256,75.42808869,"Longfin smelt"
"5456","San Pablo Bay","Oithona",3,"Zoop",34.86651976,13.40348905,57.56117058,"Longfin smelt"
"5516","Suisun Bay","Oithona",3,"Zoop",35.9604249,16.39046007,61.64632245,"Longfin smelt"
"5576","Suisun Bay","Tortanus",3,"Zoop",31.76662842,14.6470865,57.85090919,"Longfin smelt"
"5636","San Pablo Bay","Spirinchus thaleichthys",3,"Fish",52.41831766,33.97956929,71.14631665,"Longfin smelt"
"5686","Suisun Bay","Spirinchus thaleichthys",3,"Fish",45.84258165,31.19669552,63.06865449,"Longfin smelt"
"5746","Suisun Bay","Acartiella",4,"Zoop",55.47540803,42.76590367,72.15356094,"Longfin smelt"
"5806","Suisun Bay","Limnoithona",4,"Zoop",57.12166645,46.56148722,71.06924314,"Longfin smelt"
"5866","San Pablo Bay","Pseudodiaptomus",4,"Zoop",50.52051688,17.65844842,75.44836594,"Longfin smelt"
"5926","Suisun Bay","Pseudodiaptomus",4,"Zoop",57.99620607,48.05670396,71.06599335,"Longfin smelt"
"5986","Suisun Bay","Eurytemora",4,"Zoop",58.0656745,37.94334001,74.18328923,"Longfin smelt"
"6041","San Pablo Bay","Acartia",4,"Zoop",38.65128601,14.24343112,63.82410573,"Longfin smelt"
"6101","Suisun Bay","Acartia",4,"Zoop",58.5016333,26.09463835,81.04779532,"Longfin smelt"
"6161","San Pablo Bay","Oithona",4,"Zoop",40.27255302,13.88421627,65.26033195,"Longfin smelt"
"6221","Suisun Bay","Oithona",4,"Zoop",42.36203805,17.88051311,69.45845181,"Longfin smelt"
"6281","Suisun Bay","Tortanus",4,"Zoop",38.20973553,16.59444473,66.21196586,"Longfin smelt"
"6341","San Pablo Bay","Spirinchus thaleichthys",4,"Fish",59.17542756,39.31751132,77.69654087,"Longfin smelt"
"6391","Suisun Bay","Spirinchus thaleichthys",4,"Fish",53.08519562,37.28632612,70.61471796,"Longfin smelt"
"6451","Suisun Bay","Acartiella",5,"Zoop",59.81102314,45.95294744,76.55801178,"Longfin smelt"
"6511","Suisun Bay","Limnoithona",5,"Zoop",61.28289235,49.80947648,75.29601492,"Longfin smelt"
"6571","San Pablo Bay","Pseudodiaptomus",5,"Zoop",54.87210291,16.2415449,79.90216214,"Longfin smelt"
"6631","Suisun Bay","Pseudodiaptomus",5,"Zoop",62.44270744,52.10360643,75.51921311,"Longfin smelt"
"6691","Suisun Bay","Eurytemora",5,"Zoop",61.96264954,39.06897276,78.11534128,"Longfin smelt"
"6746","San Pablo Bay","Acartia",5,"Zoop",43.20518548,13.09573649,69.49318905,"Longfin smelt"
"6806","Suisun Bay","Acartia",5,"Zoop",62.63565168,25.8131083,84.81822437,"Longfin smelt"
"6866","San Pablo Bay","Oithona",5,"Zoop",44.49535515,13.77473313,70.95406345,"Longfin smelt"
"6926","Suisun Bay","Oithona",5,"Zoop",47.16472809,17.89325296,74.93451263,"Longfin smelt"
"6986","Suisun Bay","Tortanus",5,"Zoop",43.13861779,17.00228294,72.16344965,"Longfin smelt"
"7046","San Pablo Bay","Spirinchus thaleichthys",5,"Fish",64.01854563,42.91930985,82.12044579,"Longfin smelt"
"7096","Suisun Bay","Spirinchus thaleichthys",5,"Fish",58.35797961,41.64618469,75.84546624,"Longfin smelt"
"7156","Suisun Bay","Acartiella",6,"Zoop",63.1099978,48.12430562,79.81831857,"Longfin smelt"
"7216","Suisun Bay","Limnoithona",6,"Zoop",64.43806851,52.06250084,78.44060801,"Longfin smelt"
"7276","San Pablo Bay","Pseudodiaptomus",6,"Zoop",58.19572636,14.62172141,83.15811891,"Longfin smelt"
"7336","Suisun Bay","Pseudodiaptomus",6,"Zoop",65.81887161,55.09355035,78.82380686,"Longfin smelt"
"7396","Suisun Bay","Eurytemora",6,"Zoop",64.90663942,39.46008967,81.03074828,"Longfin smelt"
"7451","San Pablo Bay","Acartia",6,"Zoop",46.74412093,11.49727896,73.77732117,"Longfin smelt"
"7511","Suisun Bay","Acartia",6,"Zoop",65.77413069,25.08029227,87.52210393,"Longfin smelt"
"7571","San Pablo Bay","Oithona",6,"Zoop",47.91055801,13.27246371,75.32196222,"Longfin smelt"
"7631","Suisun Bay","Oithona",6,"Zoop",50.92645255,17.16956658,78.98490025,"Longfin smelt"
"7691","Suisun Bay","Tortanus",6,"Zoop",47.05290615,16.55055805,76.60926372,"Longfin smelt"
"7751","San Pablo Bay","Spirinchus thaleichthys",6,"Fish",67.69990645,45.453431,85.30635496,"Longfin smelt"
"7801","Suisun Bay","Spirinchus thaleichthys",6,"Fish",62.40660773,44.8973032,79.69267893,"Longfin smelt"
"7861","Suisun Bay","Acartiella",7,"Zoop",65.72794102,49.64694125,82.34091346,"Longfin smelt"
"7921","Suisun Bay","Limnoithona",7,"Zoop",66.93561763,53.68044616,80.88734487,"Longfin smelt"
"7981","San Pablo Bay","Pseudodiaptomus",7,"Zoop",60.83424111,13.11109071,85.64286833,"Longfin smelt"
"8041","Suisun Bay","Pseudodiaptomus",7,"Zoop",68.49339489,57.39034856,81.38682016,"Longfin smelt"
"8101","Suisun Bay","Eurytemora",7,"Zoop",67.22781097,39.44949419,83.29176843,"Longfin smelt"
"8156","San Pablo Bay","Acartia",7,"Zoop",49.57425088,9.913084514,77.13354181,"Longfin smelt"
"8216","Suisun Bay","Acartia",7,"Zoop",68.2592281,24.19578041,89.55093387,"Longfin smelt"
"8276","San Pablo Bay","Oithona",7,"Zoop",50.7428403,12.53570371,78.76780081,"Longfin smelt"
"8336","Suisun Bay","Oithona",7,"Zoop",53.97006631,16.13204624,82.09788333,"Longfin smelt"
"8396","Suisun Bay","Tortanus",7,"Zoop",50.25311676,15.67064228,80.04937183,"Longfin smelt"
"8456","San Pablo Bay","Spirinchus thaleichthys",7,"Fish",70.61554862,47.28871958,87.70385143,"Longfin smelt"
"8506","Suisun Bay","Spirinchus thaleichthys",7,"Fish",65.63626388,47.39762971,82.64184073,"Longfin smelt"
"8566","Suisun Bay","Acartiella",8,"Zoop",67.8705289,50.73329578,84.35654029,"Longfin smelt"
"8626","Suisun Bay","Limnoithona",8,"Zoop",68.97576204,54.86980495,82.85400849,"Longfin smelt"
"8686","San Pablo Bay","Pseudodiaptomus",8,"Zoop",62.99000001,11.81402535,87.59953829,"Longfin smelt"
"8746","Suisun Bay","Pseudodiaptomus",8,"Zoop",70.67897018,59.2061381,83.43958544,"Longfin smelt"
"8806","Suisun Bay","Eurytemora",8,"Zoop",69.11599358,39.21622707,85.10334212,"Longfin smelt"
"8861","San Pablo Bay","Acartia",8,"Zoop",51.88929012,8.529382279,79.83532859,"Longfin smelt"
"8921","Suisun Bay","Acartia",8,"Zoop",70.28860938,23.29865145,91.1240391,"Longfin smelt"
"8981","San Pablo Bay","Oithona",8,"Zoop",53.13772213,11.69399562,81.54658076,"Longfin smelt"
"9041","Suisun Bay","Oithona",8,"Zoop",56.49510265,15.00870025,84.5599067,"Longfin smelt"
"9101","Suisun Bay","Tortanus",8,"Zoop",52.92997373,14.61785174,82.78323977,"Longfin smelt"
"9161","San Pablo Bay","Spirinchus thaleichthys",8,"Fish",72.99573372,48.64434228,89.56671807,"Longfin smelt"
"9211","Suisun Bay","Spirinchus thaleichthys",8,"Fish",68.28725322,49.36641948,84.97252089,"Longfin smelt"
"9271","Suisun Bay","Acartiella",9,"Zoop",69.66593873,51.51469989,86.00694441,"Longfin smelt"
"9331","Suisun Bay","Limnoithona",9,"Zoop",70.68271438,55.75767276,84.47427112,"Longfin smelt"
"9391","San Pablo Bay","Pseudodiaptomus",9,"Zoop",64.79090434,10.7461358,89.17769235,"Longfin smelt"
"9451","Suisun Bay","Pseudodiaptomus",9,"Zoop",72.50789697,60.67354328,85.12433411,"Longfin smelt"
"9511","Suisun Bay","Eurytemora",9,"Zoop",70.68899093,38.86198832,86.59110263,"Longfin smelt"
"9566","San Pablo Bay","Acartia",9,"Zoop",53.81762296,7.395032791,82.05694023,"Longfin smelt"
"9626","Suisun Bay","Acartia",9,"Zoop",71.98537761,22.45213992,92.37455022,"Longfin smelt"
"9686","San Pablo Bay","Oithona",9,"Zoop",55.19453181,10.83938371,83.82734365,"Longfin smelt"
"9746","Suisun Bay","Oithona",9,"Zoop",58.63181755,13.916896,86.55073506,"Longfin smelt"
"9806","Suisun Bay","Tortanus",9,"Zoop",55.21043039,13.53671138,85.00163907,"Longfin smelt"
"9866","San Pablo Bay","Spirinchus thaleichthys",9,"Fish",74.98445574,49.65847505,91.04983631,"Longfin smelt"
"9916","Suisun Bay","Spirinchus thaleichthys",9,"Fish",70.51193044,50.94529664,86.85794353,"Longfin smelt"
"9976","Suisun Bay","Acartiella",10,"Zoop",71.19870971,52.07657053,87.38450985,"Longfin smelt"
"10036","Suisun Bay","Limnoithona",10,"Zoop",72.13812198,56.42659014,85.83523905,"Longfin smelt"
"10096","San Pablo Bay","Pseudodiaptomus",10,"Zoop",66.32218446,9.8877465,90.47479455,"Longfin smelt"
"10156","Suisun Bay","Pseudodiaptomus",10,"Zoop",74.06730586,61.88005203,86.53383996,"Longfin smelt"
"10216","Suisun Bay","Eurytemora",10,"Zoop",72.02424747,38.44669615,87.83683235,"Longfin smelt"
"10271","San Pablo Bay","Acartia",10,"Zoop",55.44776815,6.498390226,83.91503759,"Longfin smelt"
"10331","Suisun Bay","Acartia",10,"Zoop",73.43068782,21.68228846,93.38826194,"Longfin smelt"
"10391","San Pablo Bay","Oithona",10,"Zoop",56.9837678,10.0290881,85.7266471,"Longfin smelt"
"10451","Suisun Bay","Oithona",10,"Zoop",60.46912165,12.91246611,88.18922268,"Longfin smelt"
"10511","Suisun Bay","Tortanus",10,"Zoop",57.18244808,12.50481445,86.83213354,"Longfin smelt"
"10571","San Pablo Bay","Spirinchus thaleichthys",10,"Fish",76.67690938,50.42243618,92.25343009,"Longfin smelt"
"10621","Suisun Bay","Spirinchus thaleichthys",10,"Fish",72.41204247,52.22984937,88.41159536,"Longfin smelt"
"10681","Suisun Bay","Acartiella",1,"Zoop",21.50911545,13.53931503,33.97341419,"American shad"
"10729","Suisun Bay","Limnoithona",1,"Zoop",25.05494084,17.8375764,35.94802419,"American shad"
"10777","Confluence","Limnoithona",1,"Zoop",28.36931404,17.64310691,42.47064551,"American shad"
"10825","San Pablo Bay","Pseudodiaptomus",1,"Zoop",5.336874582,0.917095631,18.15400061,"American shad"
"10873","Suisun Bay","Pseudodiaptomus",1,"Zoop",24.69261607,17.46165876,34.72599004,"American shad"
"10921","Confluence","Pseudodiaptomus",1,"Zoop",19.54070045,11.95820571,30.06301494,"American shad"
"10969","Delta","Pseudodiaptomus",1,"Zoop",7.457982479,4.558974681,12.71924625,"American shad"
"11017","Suisun Bay","Eurytemora",1,"Zoop",28.27161511,17.88536144,41.44628746,"American shad"
"11061","Delta","Eurytemora",1,"Zoop",36.7561421,26.59096412,48.54620472,"American shad"
"11109","Delta","Sinocalanus",1,"Zoop",28.3046127,19.65615985,39.65122833,"American shad"
"11157","Delta","Bosmina",1,"Zoop",36.93226869,29.69052162,46.58988576,"American shad"
"11205","Delta","Daphnia",1,"Zoop",38.47862887,26.64107755,53.05765016,"American shad"
"11253","San Pablo Bay","Acartia",1,"Zoop",4.523365982,0.816176076,14.93677662,"American shad"
"11301","Suisun Bay","Acartia",1,"Zoop",28.18880359,12.90826552,47.30256559,"American shad"
"11349","San Pablo Bay","Oithona",1,"Zoop",2.020976369,0.1563456,10.64835702,"American shad"
"11397","Suisun Bay","Oithona",1,"Zoop",15.56879127,6.052672595,31.37287478,"American shad"
"11445","Suisun Bay","Tortanus",1,"Zoop",8.618942232,2.726469186,21.3058,"American shad"
"11493","San Pablo Bay","Alosa sapidissima",1,"Fish",17.38485905,12.26295897,25.61270407,"American shad"
"11513","Suisun Bay","Alosa sapidissima",1,"Fish",14.14124418,10.48895113,20.07193441,"American shad"
"11553","Confluence","Alosa sapidissima",1,"Fish",32.42790382,24.37207565,43.91593578,"American shad"
"11581","Delta","Alosa sapidissima",1,"Fish",31.13706187,25.48961766,38.55610733,"American shad"
"11609","Suisun Bay","Acartiella",2,"Zoop",38.22998852,27.97338053,53.94841386,"American shad"
"11657","Suisun Bay","Limnoithona",2,"Zoop",41.70417701,32.97180977,54.89035682,"American shad"
"11705","Confluence","Limnoithona",2,"Zoop",44.54981595,30.61414078,60.58594576,"American shad"
"11753","San Pablo Bay","Pseudodiaptomus",2,"Zoop",16.95402791,6.823060245,40.06856402,"American shad"
"11801","Suisun Bay","Pseudodiaptomus",2,"Zoop",42.00563439,33.19165757,54.29881093,"American shad"
"11849","Confluence","Pseudodiaptomus",2,"Zoop",37.02071683,26.5888793,50.85049457,"American shad"
"11897","Delta","Pseudodiaptomus",2,"Zoop",19.95576316,14.67566076,29.76981445,"American shad"
"11945","Suisun Bay","Eurytemora",2,"Zoop",43.83832839,29.95801534,59.23260251,"American shad"
"11989","Delta","Eurytemora",2,"Zoop",51.87292834,39.53392821,64.50421371,"American shad"
"12037","Delta","Sinocalanus",2,"Zoop",45.67503165,35.38820496,58.89326627,"American shad"
"12085","Delta","Bosmina",2,"Zoop",52.49524513,44.65612494,63.11562226,"American shad"
"12133","Delta","Daphnia",2,"Zoop",53.58416573,39.65378604,69.08018875,"American shad"
"12181","San Pablo Bay","Acartia",2,"Zoop",13.84516869,5.32719002,34.00916362,"American shad"
"12229","Suisun Bay","Acartia",2,"Zoop",43.99042177,22.10896769,65.93545182,"American shad"
"12277","San Pablo Bay","Oithona",2,"Zoop",9.760951462,2.830345999,31.38828329,"American shad"
"12325","Suisun Bay","Oithona",2,"Zoop",29.50885854,13.76897487,51.84324696,"American shad"
"12373","Suisun Bay","Tortanus",2,"Zoop",20.18733831,8.846502743,41.7988164,"American shad"
"12421","San Pablo Bay","Alosa sapidissima",2,"Fish",33.60506339,26.79113987,45.0000929,"American shad"
"12441","Suisun Bay","Alosa sapidissima",2,"Fish",29.81133979,24.71529457,38.5216489,"American shad"
"12481","Confluence","Alosa sapidissima",2,"Fish",48.66633842,39.62843125,61.56097782,"American shad"
"12509","Delta","Alosa sapidissima",2,"Fish",47.70070582,41.31423653,56.28509954,"American shad"
"12537","Suisun Bay","Acartiella",3,"Zoop",47.69632148,36.15270506,64.41505409,"American shad"
"12585","Suisun Bay","Limnoithona",3,"Zoop",50.81375718,41.16425056,64.67662536,"American shad"
"12633","Confluence","Limnoithona",3,"Zoop",53.18665262,36.41670092,69.64584018,"American shad"
"12681","San Pablo Bay","Pseudodiaptomus",3,"Zoop",26.06193131,11.54205951,53.71260073,"American shad"
"12729","Suisun Bay","Pseudodiaptomus",3,"Zoop",51.57702857,42.16643351,64.49726823,"American shad"
"12777","Confluence","Pseudodiaptomus",3,"Zoop",47.28716261,35.72556556,62.10826319,"American shad"
"12825","Delta","Pseudodiaptomus",3,"Zoop",29.22966358,22.79109745,41.37538253,"American shad"
"12873","Suisun Bay","Eurytemora",3,"Zoop",52.32987817,35.441539,68.35225953,"American shad"
"12917","Delta","Eurytemora",3,"Zoop",59.60545356,45.22407549,72.33875955,"American shad"
"12965","Delta","Sinocalanus",3,"Zoop",55.02332783,44.06830399,68.62044494,"American shad"
"13013","Delta","Bosmina",3,"Zoop",60.46918629,52.21354571,71.26728229,"American shad"
"13061","Delta","Daphnia",3,"Zoop",61.23249811,45.3091398,76.73118896,"American shad"
"13109","San Pablo Bay","Acartia",3,"Zoop",21.71359243,9.698121525,47.19961867,"American shad"
"13157","Suisun Bay","Acartia",3,"Zoop",52.67755199,25.09834072,75.13243547,"American shad"
"13205","San Pablo Bay","Oithona",3,"Zoop",17.57807558,7.139387542,46.57466353,"American shad"
"13253","Suisun Bay","Oithona",3,"Zoop",38.49636068,17.54541017,63.39080391,"American shad"
"13301","Suisun Bay","Tortanus",3,"Zoop",28.81803585,13.17814567,54.77181571,"American shad"
"13349","San Pablo Bay","Alosa sapidissima",3,"Fish",43.31516883,35.80564019,55.90593294,"American shad"
"13369","Suisun Bay","Alosa sapidissima",3,"Fish",39.54246032,33.81125935,49.36951802,"American shad"
"13409","Confluence","Alosa sapidissima",3,"Fish",57.09129003,47.34263403,70.28020203,"American shad"
"13437","Delta","Alosa sapidissima",3,"Fish",56.43845473,49.74344044,65.32925398,"American shad"
"13465","Suisun Bay","Acartiella",4,"Zoop",53.9051297,41.16603531,70.99111015,"American shad"
"13513","Suisun Bay","Limnoithona",4,"Zoop",56.70809911,46.16422208,70.8158397,"American shad"
"13561","Confluence","Limnoithona",4,"Zoop",58.71042855,39.17235443,75.24392433,"American shad"
"13609","San Pablo Bay","Pseudodiaptomus",4,"Zoop",32.86947851,13.25209732,62.79995661,"American shad"
"13657","Suisun Bay","Pseudodiaptomus",4,"Zoop",57.79299109,47.93782664,70.90100376,"American shad"
"13705","Confluence","Pseudodiaptomus",4,"Zoop",54.11496434,41.81503441,69.25686275,"American shad"
"13753","Delta","Pseudodiaptomus",4,"Zoop",36.07731693,28.82137811,49.58084228,"American shad"
"13801","Suisun Bay","Eurytemora",4,"Zoop",57.82165853,38.04586415,74.05538123,"American shad"
"13845","Delta","Eurytemora",4,"Zoop",64.47216758,48.10998415,77.16477905,"American shad"
"13893","Delta","Sinocalanus",4,"Zoop",61.02862288,49.55101076,74.6369738,"American shad"
"13941","Delta","Bosmina",4,"Zoop",65.50013523,56.79008005,76.29479155,"American shad"
"13989","Delta","Daphnia",4,"Zoop",66.03552331,48.13505218,81.35766197,"American shad"
"14037","San Pablo Bay","Acartia",4,"Zoop",27.94802331,12.12125149,56.53595192,"American shad"
"14085","Suisun Bay","Acartia",4,"Zoop",58.32247855,25.57389262,80.69978138,"American shad"
"14133","San Pablo Bay","Oithona",4,"Zoop",24.13807568,10.47874629,57.30053402,"American shad"
"14181","Suisun Bay","Oithona",4,"Zoop",44.76627125,18.68137372,70.81569944,"American shad"
"14229","Suisun Bay","Tortanus",4,"Zoop",35.27313047,15.27688604,63.54273923,"American shad"
"14277","San Pablo Bay","Alosa sapidissima",4,"Fish",49.83399744,41.78321487,62.99808959,"American shad"
"14297","Suisun Bay","Alosa sapidissima",4,"Fish",46.16061122,39.90657813,56.57019417,"American shad"
"14337","Confluence","Alosa sapidissima",4,"Fish",62.43021933,51.93240104,75.65041497,"American shad"
"14365","Delta","Alosa sapidissima",4,"Fish",62.00953724,55.0513855,70.99130737,"American shad"
"14393","Suisun Bay","Acartiella",5,"Zoop",58.36595685,44.44750641,75.56414047,"American shad"
"14441","Suisun Bay","Limnoithona",5,"Zoop",60.91167471,49.47038991,75.09443573,"American shad"
"14489","Confluence","Limnoithona",5,"Zoop",62.6183643,40.46408798,79.10602257,"American shad"
"14537","San Pablo Bay","Pseudodiaptomus",5,"Zoop",38.10817286,13.02438945,69.2682036,"American shad"
"14585","Suisun Bay","Pseudodiaptomus",5,"Zoop",62.23351676,51.96802406,75.35817864,"American shad"
"14633","Confluence","Pseudodiaptomus",5,"Zoop",59.05402537,46.14736107,74.24709692,"American shad"
"14681","Delta","Pseudodiaptomus",5,"Zoop",41.33532547,33.35992555,55.70448351,"American shad"
"14729","Suisun Bay","Eurytemora",5,"Zoop",61.73236227,39.24140575,78.0189713,"American shad"
"14773","Delta","Eurytemora",5,"Zoop",67.88598258,49.66025108,80.49814634,"American shad"
"14821","Delta","Sinocalanus",5,"Zoop",65.29237468,53.32838781,78.78067553,"American shad"
"14869","Delta","Bosmina",5,"Zoop",69.03924408,59.85176324,79.76832359,"American shad"
"14917","Delta","Daphnia",5,"Zoop",69.406127,49.62112164,84.50379208,"American shad"
"14965","San Pablo Bay","Acartia",5,"Zoop",32.93462061,12.75919797,63.44167235,"American shad"
"15013","Suisun Bay","Acartia",5,"Zoop",62.3566411,25.04459126,84.45181493,"American shad"
"15061","San Pablo Bay","Oithona",5,"Zoop",29.53740436,12.27774351,65.12774212,"American shad"
"15109","Suisun Bay","Oithona",5,"Zoop",49.42872797,18.43034073,76.0059748,"American shad"
"15157","Suisun Bay","Tortanus",5,"Zoop",40.27554249,15.82239773,69.84524551,"American shad"
"15205","San Pablo Bay","Alosa sapidissima",5,"Fish",54.5778759,46.01284709,68.04484267,"American shad"
"15225","Suisun Bay","Alosa sapidissima",5,"Fish",51.00709432,44.24262816,61.7650414,"American shad"
"15265","Confluence","Alosa sapidissima",5,"Fish",66.19524413,54.92980868,79.35340338,"American shad"
"15293","Delta","Alosa sapidissima",5,"Fish",65.94913279,58.73324522,74.94103991,"American shad"
"15321","Suisun Bay","Acartiella",6,"Zoop",61.76681235,46.69091664,78.95396985,"American shad"
"15369","Suisun Bay","Limnoithona",6,"Zoop",64.10122399,51.77284436,78.2780876,"American shad"
"15417","Confluence","Limnoithona",6,"Zoop",65.5645131,40.98693748,81.9569232,"American shad"
"15465","San Pablo Bay","Pseudodiaptomus",6,"Zoop",42.26980913,11.87210112,74.10074347,"American shad"
"15513","Suisun Bay","Pseudodiaptomus",6,"Zoop",65.60575165,54.94187849,78.66723485,"American shad"
"15561","Confluence","Pseudodiaptomus",6,"Zoop",62.83333638,49.37955796,77.94931978,"American shad"
"15609","Delta","Pseudodiaptomus",6,"Zoop",45.5181363,36.85281891,60.47191472,"American shad"
"15657","Suisun Bay","Eurytemora",6,"Zoop",64.69299087,39.69062937,80.95989501,"American shad"
"15701","Delta","Eurytemora",6,"Zoop",70.44590777,50.49264097,82.96607454,"American shad"
"15749","Delta","Sinocalanus",6,"Zoop",68.51718707,56.08324418,81.83069625,"American shad"
"15797","Delta","Bosmina",6,"Zoop",71.70128372,62.0308786,82.33977007,"American shad"
"15845","Delta","Daphnia",6,"Zoop",71.93783538,50.39162832,86.80011141,"American shad"
"15893","San Pablo Bay","Acartia",6,"Zoop",37.00046238,12.25333752,68.7405604,"American shad"
"15941","Suisun Bay","Acartia",6,"Zoop",65.41996724,24.1441922,87.15375068,"American shad"
"15989","San Pablo Bay","Oithona",6,"Zoop",34.02409754,12.83093038,71.0332949,"American shad"
"16037","Suisun Bay","Oithona",6,"Zoop",53.0594468,17.53921762,79.84143826,"American shad"
"16085","Suisun Bay","Tortanus",6,"Zoop",44.28019632,15.45749884,74.58257685,"American shad"
"16133","San Pablo Bay","Alosa sapidissima",6,"Fish",58.22382106,49.14990576,71.85350389,"American shad"
"16153","Suisun Bay","Alosa sapidissima",6,"Fish",54.74481341,47.46914477,65.72822932,"American shad"
"16193","Confluence","Alosa sapidissima",6,"Fish",69.03206324,57.00351319,82.08872982,"American shad"
"16221","Delta","Alosa sapidissima",6,"Fish",68.92121704,61.44941459,77.88648903,"American shad"
"16249","Suisun Bay","Acartiella",7,"Zoop",64.46918406,48.26827337,81.5792588,"American shad"
"16297","Suisun Bay","Limnoithona",7,"Zoop",66.62723959,53.43297779,80.75519555,"American shad"
"16345","Confluence","Limnoithona",7,"Zoop",67.88459995,41.08447351,84.16000222,"American shad"
"16393","San Pablo Bay","Pseudodiaptomus",7,"Zoop",45.66548365,10.40041938,77.84224456,"American shad"
"16441","Suisun Bay","Pseudodiaptomus",7,"Zoop",68.27754899,57.22323064,81.23481878,"American shad"
"16489","Confluence","Pseudodiaptomus",7,"Zoop",65.84247227,51.87629338,80.81446002,"American shad"
"16537","Delta","Pseudodiaptomus",7,"Zoop",48.94144302,39.59673898,64.30482359,"American shad"
"16585","Suisun Bay","Eurytemora",7,"Zoop",67.03119202,39.72638871,83.24149422,"American shad"
"16629","Delta","Eurytemora",7,"Zoop",72.45443493,50.9095309,84.88065627,"American shad"
"16677","Delta","Sinocalanus",7,"Zoop",71.06455883,58.17358973,84.1794928,"American shad"
"16725","Delta","Bosmina",7,"Zoop",73.79661951,63.64813102,84.33407627,"American shad"
"16773","Delta","Daphnia",7,"Zoop",73.92883804,50.75109422,88.55758168,"American shad"
"16821","San Pablo Bay","Acartia",7,"Zoop",40.37833118,11.16535007,72.92557225,"American shad"
"16869","Suisun Bay","Acartia",7,"Zoop",67.84583637,23.15109522,89.18922201,"American shad"
"16917","San Pablo Bay","Oithona",7,"Zoop",37.80783749,12.56233062,75.61357527,"American shad"
"16965","Suisun Bay","Oithona",7,"Zoop",55.98463126,16.4095481,82.78930748,"American shad"
"17013","Suisun Bay","Tortanus",7,"Zoop",47.57201059,14.62009812,78.26482058,"American shad"
"17061","San Pablo Bay","Alosa sapidissima",7,"Fish",61.13700923,51.55790854,74.84839229,"American shad"
"17081","Suisun Bay","Alosa sapidissima",7,"Fish",57.73733823,49.95138933,68.8738901,"American shad"
"17121","Confluence","Alosa sapidissima",7,"Fish",71.26797108,58.49372246,84.2052916,"American shad"
"17149","Delta","Alosa sapidissima",7,"Fish",71.26479296,63.54016672,80.1848722,"American shad"
"17177","Suisun Bay","Acartiella",8,"Zoop",66.68299813,49.39625952,83.67836357,"American shad"
"17225","Suisun Bay","Limnoithona",8,"Zoop",68.69140589,54.65865962,82.74605982,"American shad"
"17273","Confluence","Limnoithona",8,"Zoop",69.77067079,40.94129308,85.91974425,"American shad"
"17321","San Pablo Bay","Pseudodiaptomus",8,"Zoop",48.49709482,8.92117014,80.81850052,"American shad"
"17369","Suisun Bay","Pseudodiaptomus",8,"Zoop",70.46116623,59.02423186,83.29209848,"American shad"
"17417","Confluence","Pseudodiaptomus",8,"Zoop",68.3100982,53.8560663,83.10154082,"American shad"
"17465","Delta","Pseudodiaptomus",8,"Zoop",51.80723357,41.78962599,67.46410222,"American shad"
"17513","Suisun Bay","Eurytemora",8,"Zoop",68.93589453,39.52934083,85.06976891,"American shad"
"17557","Delta","Eurytemora",8,"Zoop",74.0828121,51.07455032,86.41676152,"American shad"
"17605","Delta","Sinocalanus",8,"Zoop",73.14161391,59.80631436,86.04848,"American shad"
"17653","Delta","Bosmina",8,"Zoop",75.50095724,64.88479181,85.93350533,"American shad"
"17701","Delta","Daphnia",8,"Zoop",75.54741305,50.86374593,89.94924472,"American shad"
"17749","San Pablo Bay","Acartia",8,"Zoop",43.23117512,9.867662682,76.30717738,"American shad"
"17797","Suisun Bay","Acartia",8,"Zoop",69.82693943,22.18830506,90.77358162,"American shad"
"17845","San Pablo Bay","Oithona",8,"Zoop",41.04549292,11.81717099,79.2458998,"American shad"
"17893","Suisun Bay","Oithona",8,"Zoop",58.40336653,15.24728612,85.12208443,"American shad"
"17941","Suisun Bay","Tortanus",8,"Zoop",50.33610454,13.57951371,81.20140497,"American shad"
"17989","San Pablo Bay","Alosa sapidissima",8,"Fish",63.53310924,53.4545296,77.27580864,"American shad"
"18009","Suisun Bay","Alosa sapidissima",8,"Fish",60.20155405,51.90978192,71.44517688,"American shad"
"18049","Confluence","Alosa sapidissima",8,"Fish",73.08871513,59.59261111,85.89879679,"American shad"
"18077","Delta","Alosa sapidissima",8,"Fish",73.17315115,65.20024944,82.03817183,"American shad"
"18105","Suisun Bay","Acartiella",9,"Zoop",68.53944657,50.20938904,85.39799224,"American shad"
"18153","Suisun Bay","Limnoithona",9,"Zoop",70.41896113,55.57807992,84.38598325,"American shad"
"18201","Confluence","Limnoithona",9,"Zoop",71.34146287,40.66252529,87.36100539,"American shad"
"18249","San Pablo Bay","Pseudodiaptomus",9,"Zoop",50.90057785,7.576244014,83.23667477,"American shad"
"18297","Suisun Bay","Pseudodiaptomus",9,"Zoop",72.28865487,60.47750144,84.98123505,"American shad"
"18345","Confluence","Pseudodiaptomus",9,"Zoop",70.38016808,55.45803015,84.97093462,"American shad"
"18393","Delta","Pseudodiaptomus",9,"Zoop",54.25045768,43.56689927,70.12003539,"American shad"
"18441","Suisun Bay","Eurytemora",9,"Zoop",70.52459497,39.20296971,86.57119468,"American shad"
"18485","Delta","Eurytemora",9,"Zoop",75.43615584,51.08268917,87.68088975,"American shad"
"18533","Delta","Sinocalanus",9,"Zoop",74.87657257,61.10987361,87.57304253,"American shad"
"18581","Delta","Bosmina",9,"Zoop",76.92216896,65.85157194,87.2491338,"American shad"
"18629","Delta","Daphnia",9,"Zoop",76.89664131,50.82456948,91.07988069,"American shad"
"18677","San Pablo Bay","Acartia",9,"Zoop",45.67471758,8.573716947,79.09024669,"American shad"
"18725","Suisun Bay","Acartia",9,"Zoop",71.4833331,21.30707753,92.03779113,"American shad"
"18773","San Pablo Bay","Oithona",9,"Zoop",43.85229887,10.83519066,82.17894834,"American shad"
"18821","Suisun Bay","Oithona",9,"Zoop",60.4445279,14.15217983,87.01014504,"American shad"
"18869","Suisun Bay","Tortanus",9,"Zoop",52.6976076,12.49233062,83.59115372,"American shad"
"18917","San Pablo Bay","Alosa sapidissima",9,"Fish",65.54849848,54.97829413,79.28952804,"American shad"
"18937","Suisun Bay","Alosa sapidissima",9,"Fish",62.27552975,53.48530438,73.5951581,"American shad"
"18977","Confluence","Alosa sapidissima",9,"Fish",74.60852497,60.41723444,87.28849467,"American shad"
"19005","Delta","Alosa sapidissima",9,"Fish",74.7655445,66.54991214,83.57020688,"American shad"
"19033","Suisun Bay","Acartiella",10,"Zoop",70.1252342,50.79541784,86.83390101,"American shad"
"19081","Suisun Bay","Limnoithona",10,"Zoop",71.89228462,56.27462572,85.76317402,"American shad"
"19129","Confluence","Limnoithona",10,"Zoop",72.67481453,40.31050363,88.56480754,"American shad"
"19177","San Pablo Bay","Pseudodiaptomus",10,"Zoop",52.97071294,6.416849929,85.23505671,"American shad"
"19225","Suisun Bay","Pseudodiaptomus",10,"Zoop",73.8469937,61.67050933,86.39497349,"American shad"
"19273","Confluence","Pseudodiaptomus",10,"Zoop",72.14832881,56.77521519,86.52774395,"American shad"
"19321","Delta","Pseudodiaptomus",10,"Zoop",56.36478422,45.02382749,72.38877417,"American shad"
"19369","Suisun Bay","Eurytemora",10,"Zoop",71.87466434,38.80878089,87.82819442,"American shad"
"19413","Delta","Eurytemora",10,"Zoop",76.58300933,50.99197125,88.7420461,"American shad"
"19461","Delta","Sinocalanus",10,"Zoop",76.35357815,62.16852395,88.84109709,"American shad"
"19509","Delta","Bosmina",10,"Zoop",78.13061545,66.62013861,88.35296431,"American shad"
"19557","Delta","Daphnia",10,"Zoop",78.04364676,50.6913447,92.01703548,"American shad"
"19605","San Pablo Bay","Acartia",10,"Zoop",47.79292048,7.390415521,81.41542358,"American shad"
"19653","Suisun Bay","Acartia",10,"Zoop",72.89419236,20.52457005,93.06639605,"American shad"
"19701","San Pablo Bay","Oithona",10,"Zoop",46.31355418,9.770196856,84.58278189,"American shad"
"19749","Suisun Bay","Oithona",10,"Zoop",62.19555291,13.16713777,88.56585299,"American shad"
"19797","Suisun Bay","Tortanus",10,"Zoop",54.74416219,11.44469998,85.56785292,"American shad"
"19845","San Pablo Bay","Alosa sapidissima",10,"Fish",67.27409837,56.22173056,80.99104755,"American shad"
"19865","Suisun Bay","Alosa sapidissima",10,"Fish",64.0517555,54.77245957,75.42551251,"American shad"
"19905","Confluence","Alosa sapidissima",10,"Fish",75.90200071,61.04306109,88.45166239,"American shad"
"19933","Delta","Alosa sapidissima",10,"Fish",76.12003686,67.66779021,84.86160696,"American shad"
"19961","Suisun Bay","Acartiella",1,"Zoop",24.74032333,16.43287922,35.87637546,"Striped Bass"
"20033","Suisun Bay","Limnoithona",1,"Zoop",33.16926486,25.5050808,43.86829736,"Striped Bass"
"20105","Confluence","Limnoithona",1,"Zoop",31.0589422,19.93317945,45.19126409,"Striped Bass"
"20177","Suisun Bay","Pseudodiaptomus",1,"Zoop",28.04287519,20.70057301,37.97335593,"Striped Bass"
"20249","Confluence","Pseudodiaptomus",1,"Zoop",20.50452094,13.0649651,31.09733304,"Striped Bass"
"20321","Delta","Pseudodiaptomus",1,"Zoop",12.99086939,9.232566803,18.57334881,"Striped Bass"
"20393","Suisun Bay","Eurytemora",1,"Zoop",16.79760402,8.013790716,30.57981262,"Striped Bass"
"20459","Delta","Eurytemora",1,"Zoop",35.85141966,26.06878302,47.77447032,"Striped Bass"
"20531","Delta","Sinocalanus",1,"Zoop",21.18183605,14.03134607,31.56748261,"Striped Bass"
"20603","Delta","Bosmina",1,"Zoop",25.86292345,19.64035665,34.95027687,"Striped Bass"
"20675","Delta","Daphnia",1,"Zoop",29.0113336,18.33260174,43.59329829,"Striped Bass"
"20747","Suisun Bay","Acartia",1,"Zoop",34.74165163,17.71378692,52.90697054,"Striped Bass"
"20819","Suisun Bay","Oithona",1,"Zoop",26.42021076,12.16438731,43.98468094,"Striped Bass"
"20891","Suisun Bay","Tortanus",1,"Zoop",17.01955012,7.034594809,31.49157507,"Striped Bass"
"20963","Suisun Bay","Morone saxatilis",1,"Fish",11.95418966,7.936569875,18.61677711,"Striped Bass"
"21035","Confluence","Morone saxatilis",1,"Fish",10.36442807,5.018979462,20.11850304,"Striped Bass"
"21101","Delta","Morone saxatilis",1,"Fish",8.725133312,3.280785329,19.89334277,"Striped Bass"
"21173","Suisun Bay","Acartiella",2,"Zoop",41.20298509,30.30556822,54.45716851,"Striped Bass"
"21245","Suisun Bay","Limnoithona",2,"Zoop",48.97843327,40.21703167,61.03845792,"Striped Bass"
"21317","Confluence","Limnoithona",2,"Zoop",46.99073363,32.8275715,62.74613663,"Striped Bass"
"21389","Suisun Bay","Pseudodiaptomus",2,"Zoop",45.04678962,36.4376117,56.68263391,"Striped Bass"
"21461","Confluence","Pseudodiaptomus",2,"Zoop",37.71469927,27.80442596,51.43350462,"Striped Bass"
"21533","Delta","Pseudodiaptomus",2,"Zoop",26.68490335,20.76462912,35.7052772,"Striped Bass"
"21605","Suisun Bay","Eurytemora",2,"Zoop",32.09248478,18.78629439,50.75605732,"Striped Bass"
"21671","Delta","Eurytemora",2,"Zoop",51.32075941,39.66548929,64.14928437,"Striped Bass"
"21743","Delta","Sinocalanus",2,"Zoop",37.84519548,28.51960152,51.3478917,"Striped Bass"
"21815","Delta","Bosmina",2,"Zoop",41.63122848,33.91101971,53.18254843,"Striped Bass"
"21887","Delta","Daphnia",2,"Zoop",44.98325961,31.30301273,62.0927134,"Striped Bass"
"21959","Suisun Bay","Acartia",2,"Zoop",49.95473114,26.68600553,69.50046935,"Striped Bass"
"22031","Suisun Bay","Oithona",2,"Zoop",41.53247603,20.53741228,62.2069826,"Striped Bass"
"22103","Suisun Bay","Tortanus",2,"Zoop",30.08039201,13.83397392,50.2726647,"Striped Bass"
"22175","Suisun Bay","Morone saxatilis",2,"Fish",27.32216338,20.97996872,37.89393347,"Striped Bass"
"22247","Confluence","Morone saxatilis",2,"Fish",25.09688631,15.85322011,40.83591098,"Striped Bass"
"22313","Delta","Morone saxatilis",2,"Fish",22.7093388,12.18664186,41.36331903,"Striped Bass"
"22385","Suisun Bay","Acartiella",3,"Zoop",50.16399111,37.22133219,64.04492074,"Striped Bass"
"22457","Suisun Bay","Limnoithona",3,"Zoop",57.21425724,47.60467574,69.59856109,"Striped Bass"
"22529","Confluence","Limnoithona",3,"Zoop",55.36635423,38.48055769,71.42229365,"Striped Bass"
"22601","Suisun Bay","Pseudodiaptomus",3,"Zoop",54.17461077,44.96785175,66.2259632,"Striped Bass"
"22673","Confluence","Pseudodiaptomus",3,"Zoop",47.68145798,36.72248944,62.35434509,"Striped Bass"
"22745","Delta","Pseudodiaptomus",3,"Zoop",35.80226667,28.63763693,46.52565932,"Striped Bass"
"22817","Suisun Bay","Eurytemora",3,"Zoop",41.540975,24.9706748,61.94629402,"Striped Bass"
"22883","Delta","Eurytemora",3,"Zoop",59.20522986,45.7979064,72.14780814,"Striped Bass"
"22955","Delta","Sinocalanus",3,"Zoop",47.51055032,37.2305738,62.03603947,"Striped Bass"
"23027","Delta","Bosmina",3,"Zoop",50.6077226,42.16501678,63.02259077,"Striped Bass"
"23099","Delta","Daphnia",3,"Zoop",53.73478628,37.93101169,71.43514585,"Striped Bass"
"23171","Suisun Bay","Acartia",3,"Zoop",57.88098019,28.72083737,77.4684444,"Striped Bass"
"23243","Suisun Bay","Oithona",3,"Zoop",49.9601429,22.75593594,71.54673188,"Striped Bass"
"23315","Suisun Bay","Tortanus",3,"Zoop",38.363088,16.47727452,61.359511,"Striped Bass"
"23387","Suisun Bay","Morone saxatilis",3,"Fish",37.38797809,30.04605692,49.61465791,"Striped Bass"
"23459","Confluence","Morone saxatilis",3,"Fish",35.11745215,23.89122873,53.34541826,"Striped Bass"
"23525","Delta","Morone saxatilis",3,"Fish",32.65862353,19.15268571,54.44077382,"Striped Bass"
"23597","Suisun Bay","Acartiella",4,"Zoop",55.92535405,41.01132604,70.06385655,"Striped Bass"
"23669","Suisun Bay","Limnoithona",4,"Zoop",62.44236943,51.96444026,74.89931932,"Striped Bass"
"23741","Confluence","Limnoithona",4,"Zoop",60.69430446,41.15979792,76.75680778,"Striped Bass"
"23813","Suisun Bay","Pseudodiaptomus",4,"Zoop",60.03249308,50.29878988,72.17686481,"Striped Bass"
"23885","Confluence","Pseudodiaptomus",4,"Zoop",54.27524403,42.54723859,69.27844366,"Striped Bass"
"23957","Delta","Pseudodiaptomus",4,"Zoop",42.24817509,34.07597685,53.96812597,"Striped Bass"
"24029","Suisun Bay","Eurytemora",4,"Zoop",47.98378133,28.37207472,69.12601269,"Striped Bass"
"24095","Delta","Eurytemora",4,"Zoop",64.15936094,49.02465198,77.06061819,"Striped Bass"
"24167","Delta","Sinocalanus",4,"Zoop",53.91951811,42.89350074,68.84442279,"Striped Bass"
"24239","Delta","Bosmina",4,"Zoop",56.53088217,47.49467931,69.31660622,"Striped Bass"
"24311","Delta","Daphnia",4,"Zoop",59.41158349,41.62932485,77.1935337,"Striped Bass"
"24383","Suisun Bay","Acartia",4,"Zoop",62.8981016,28.43274193,82.26614843,"Striped Bass"
"24455","Suisun Bay","Oithona",4,"Zoop",55.47584535,22.57979789,77.3463573,"Striped Bass"
"24527","Suisun Bay","Tortanus",4,"Zoop",44.20502403,17.13337805,68.72397844,"Striped Bass"
"24599","Suisun Bay","Morone saxatilis",4,"Fish",44.39253431,36.38837714,57.47229719,"Striped Bass"
"24671","Confluence","Morone saxatilis",4,"Fish",42.20572007,29.45616046,61.65228103,"Striped Bass"
"24737","Delta","Morone saxatilis",4,"Fish",39.82980872,23.83963417,63.10870827,"Striped Bass"
"24809","Suisun Bay","Acartiella",5,"Zoop",60.00657885,43.21200234,74.26410883,"Striped Bass"
"24881","Suisun Bay","Limnoithona",5,"Zoop",66.13161801,54.78379166,78.56956227,"Striped Bass"
"24953","Confluence","Limnoithona",5,"Zoop",64.45424358,42.42489036,80.4262563,"Striped Bass"
"25025","Suisun Bay","Pseudodiaptomus",5,"Zoop",64.18941625,53.94060682,76.30770349,"Striped Bass"
"25097","Confluence","Pseudodiaptomus",5,"Zoop",59.03245821,46.62132643,74.11447266,"Striped Bass"
"25169","Delta","Pseudodiaptomus",5,"Zoop",47.07811126,37.97856822,59.44629256,"Striped Bass"
"25241","Suisun Bay","Eurytemora",5,"Zoop",52.71370145,30.22492723,74.1629553,"Striped Bass"
"25307","Delta","Eurytemora",5,"Zoop",67.63199097,50.8517689,80.44708121,"Striped Bass"
"25379","Delta","Sinocalanus",5,"Zoop",58.55151054,46.8311337,73.61759775,"Striped Bass"
"25451","Delta","Bosmina",5,"Zoop",60.803385,51.2056947,73.75060412,"Striped Bass"
"25523","Delta","Daphnia",5,"Zoop",63.46659504,43.804219,81.14041309,"Striped Bass"
"25595","Suisun Bay","Acartia",5,"Zoop",66.42282087,27.40998006,85.50492267,"Striped Bass"
"25667","Suisun Bay","Oithona",5,"Zoop",59.42866143,21.53513269,81.33493762,"Striped Bass"
"25739","Suisun Bay","Tortanus",5,"Zoop",48.59619827,16.77922803,73.98623817,"Striped Bass"
"25811","Suisun Bay","Morone saxatilis",5,"Fish",49.58910737,41.03632505,63.15450954,"Striped Bass"
"25883","Confluence","Morone saxatilis",5,"Fish",47.5128485,33.37923788,67.59610218,"Striped Bass"
"25949","Delta","Morone saxatilis",5,"Fish",45.25419645,26.93130998,69.27916625,"Striped Bass"
"26021","Suisun Bay","Acartiella",6,"Zoop",63.08210991,44.51945086,77.39442818,"Striped Bass"
"26093","Suisun Bay","Limnoithona",6,"Zoop",68.91161114,56.71232475,81.29032104,"Striped Bass"
"26165","Confluence","Limnoithona",6,"Zoop",67.28522477,42.94933151,83.12932501,"Striped Bass"
"26237","Suisun Bay","Pseudodiaptomus",6,"Zoop",67.33243139,56.57673145,79.37194181,"Striped Bass"
"26309","Confluence","Pseudodiaptomus",6,"Zoop",62.66714164,49.61311452,77.70737497,"Striped Bass"
"26381","Delta","Pseudodiaptomus",6,"Zoop",50.85811883,40.87201815,63.67767057,"Striped Bass"
"26453","Suisun Bay","Eurytemora",6,"Zoop",56.36873042,31.18925171,77.9087719,"Striped Bass"
"26519","Delta","Eurytemora",6,"Zoop",70.23538996,51.91455443,82.9503175,"Striped Bass"
"26591","Delta","Sinocalanus",6,"Zoop",62.09542564,49.70255635,77.17546445,"Striped Bass"
"26663","Delta","Bosmina",6,"Zoop",64.06926365,53.92494531,77.07219277,"Striped Bass"
"26735","Delta","Daphnia",6,"Zoop",66.54656521,45.10882151,84.02968532,"Striped Bass"
"26807","Suisun Bay","Acartia",6,"Zoop",69.06496915,26.23217846,87.84853147,"Striped Bass"
"26879","Suisun Bay","Oithona",6,"Zoop",62.4311299,20.2540762,84.25826098,"Striped Bass"
"26951","Suisun Bay","Tortanus",6,"Zoop",52.04359888,15.94405855,77.93714049,"Striped Bass"
"27023","Suisun Bay","Morone saxatilis",6,"Fish",53.63116293,44.57898648,67.48511352,"Striped Bass"
"27095","Confluence","Morone saxatilis",6,"Fish",51.66523218,36.21043591,72.07611268,"Striped Bass"
"27161","Delta","Morone saxatilis",6,"Fish",49.52560429,28.95805065,73.89958832,"Striped Bass"
"27233","Suisun Bay","Acartiella",7,"Zoop",65.50099194,45.28953307,79.83430714,"Striped Bass"
"27305","Suisun Bay","Limnoithona",7,"Zoop",71.10226212,58.08046057,83.40239853,"Striped Bass"
"27377","Confluence","Limnoithona",7,"Zoop",69.51324466,43.06359778,85.21477095,"Striped Bass"
"27449","Suisun Bay","Pseudodiaptomus",7,"Zoop",69.81466544,58.56304999,81.74997245,"Striped Bass"
"27521","Confluence","Pseudodiaptomus",7,"Zoop",65.55848339,51.88877449,80.49319241,"Striped Bass"
"27593","Delta","Pseudodiaptomus",7,"Zoop",53.91452861,43.07252168,67.0632551,"Striped Bass"
"27665","Suisun Bay","Eurytemora",7,"Zoop",59.29957315,31.62656847,80.81046552,"Striped Bass"
"27731","Delta","Eurytemora",7,"Zoop",72.27809724,52.52573508,84.88965398,"Striped Bass"
"27803","Delta","Sinocalanus",7,"Zoop",64.91779908,51.86934733,79.94239812,"Striped Bass"
"27875","Delta","Bosmina",7,"Zoop",66.66906942,55.99083964,79.66835492,"Striped Bass"
"27947","Delta","Daphnia",7,"Zoop",68.98735326,45.88305478,86.24170688,"Striped Bass"
"28019","Suisun Bay","Acartia",7,"Zoop",71.13516221,25.11448194,89.62560909,"Striped Bass"
"28091","Suisun Bay","Oithona",7,"Zoop",64.80594121,18.99909926,86.49619562,"Striped Bass"
"28163","Suisun Bay","Tortanus",7,"Zoop",54.8374296,14.92399654,81.01109786,"Striped Bass"
"28235","Suisun Bay","Morone saxatilis",7,"Fish",56.88725996,47.36287452,70.91272981,"Striped Bass"
"28307","Confluence","Morone saxatilis",7,"Fish",55.02393637,38.29260105,75.58187235,"Striped Bass"
"28373","Delta","Morone saxatilis",7,"Fish",52.99571786,30.26780215,77.48888355,"Striped Bass"
"28445","Suisun Bay","Acartiella",8,"Zoop",67.46387304,45.72098891,81.79890462,"Striped Bass"
"28517","Suisun Bay","Limnoithona",8,"Zoop",72.88542839,59.07464056,85.09743568,"Striped Bass"
"28589","Confluence","Limnoithona",8,"Zoop",71.32405624,42.94469009,86.87828718,"Striped Bass"
"28661","Suisun Bay","Pseudodiaptomus",8,"Zoop",71.83831018,60.10418998,83.6568578,"Striped Bass"
"28733","Confluence","Pseudodiaptomus",8,"Zoop",67.92818234,53.66568845,82.72183221,"Striped Bass"
"28805","Delta","Pseudodiaptomus",8,"Zoop",56.4486775,44.77908531,69.84545014,"Striped Bass"
"28877","Suisun Bay","Eurytemora",8,"Zoop",61.71597048,31.74402261,83.12699917,"Striped Bass"
"28943","Delta","Eurytemora",8,"Zoop",73.9345316,52.85591746,86.44373956,"Striped Bass"
"29015","Delta","Sinocalanus",8,"Zoop",67.23326312,53.54632755,82.16217472,"Striped Bass"
"29087","Delta","Bosmina",8,"Zoop",68.80154822,57.602762,81.76156634,"Striped Bass"
"29159","Delta","Daphnia",8,"Zoop",70.98263896,46.31938993,87.99119723,"Striped Bass"
"29231","Suisun Bay","Acartia",8,"Zoop",72.81020636,24.12927443,91.01930671,"Striped Bass"
"29303","Suisun Bay","Oithona",8,"Zoop",66.74111491,17.8716544,88.26461999,"Striped Bass"
"29375","Suisun Bay","Tortanus",8,"Zoop",57.15715952,13.87994885,83.46782816,"Striped Bass"
"29447","Suisun Bay","Morone saxatilis",8,"Fish",59.58113985,49.60316587,73.70360751,"Striped Bass"
"29519","Confluence","Morone saxatilis",8,"Fish",57.81112295,39.84457992,78.40360049,"Striped Bass"
"29585","Delta","Morone saxatilis",8,"Fish",55.88446098,31.08657302,80.35553518,"Striped Bass"
"29657","Suisun Bay","Acartiella",9,"Zoop",69.09520364,45.93225559,83.42034269,"Striped Bass"
"29729","Suisun Bay","Limnoithona",9,"Zoop",74.37307786,59.80822821,86.49243158,"Striped Bass"
"29801","Confluence","Limnoithona",9,"Zoop",72.83219835,42.69334732,88.23911487,"Striped Bass"
"29873","Suisun Bay","Pseudodiaptomus",9,"Zoop",73.52847416,61.32667838,85.22436566,"Striped Bass"
"29945","Confluence","Pseudodiaptomus",9,"Zoop",69.91543404,55.08127602,84.54781324,"Striped Bass"
"30017","Delta","Pseudodiaptomus",9,"Zoop",58.59188277,46.12262737,72.18006107,"Striped Bass"
"30089","Suisun Bay","Eurytemora",9,"Zoop",63.7517437,31.66519481,85.0196599,"Striped Bass"
"30155","Delta","Eurytemora",9,"Zoop",75.31164419,53.00517636,87.72124668,"Striped Bass"
"30227","Delta","Sinocalanus",9,"Zoop",69.17674378,54.86932527,83.98580151,"Striped Bass"
"30299","Delta","Bosmina",9,"Zoop",70.59138071,58.88620452,83.48979069,"Striped Bass"
"30371","Delta","Daphnia",9,"Zoop",72.65289331,46.533838,89.40944125,"Striped Bass"
"30443","Suisun Bay","Acartia",9,"Zoop",74.19902808,23.29096455,92.14053547,"Striped Bass"
"30515","Suisun Bay","Oithona",9,"Zoop",68.35449377,16.90138309,89.69616284,"Striped Bass"
"30587","Suisun Bay","Tortanus",9,"Zoop",59.12039993,12.89428583,85.47279597,"Striped Bass"
"30659","Suisun Bay","Morone saxatilis",9,"Fish",61.85696709,51.44031599,76.02653097,"Striped Bass"
"30731","Confluence","Morone saxatilis",9,"Fish",60.17126456,41.0110149,80.72497335,"Striped Bass"
"30797","Delta","Morone saxatilis",9,"Fish",58.33641221,31.56385016,82.6949972,"Striped Bass"
"30869","Suisun Bay","Acartiella",10,"Zoop",70.47674255,45.99744176,84.7847535,"Striped Bass"
"30941","Suisun Bay","Limnoithona",10,"Zoop",75.638396,60.35414367,87.66332831,"Striped Bass"
"31013","Confluence","Limnoithona",10,"Zoop",74.11261141,42.36937352,89.37451035,"Striped Bass"
"31085","Suisun Bay","Pseudodiaptomus",10,"Zoop",74.96723039,62.31320621,86.53823498,"Striped Bass"
"31157","Confluence","Pseudodiaptomus",10,"Zoop",71.6125446,56.22682013,86.07232001,"Striped Bass"
"31229","Delta","Pseudodiaptomus",10,"Zoop",60.43373512,47.19260568,74.17220915,"Striped Bass"
"31301","Suisun Bay","Eurytemora",10,"Zoop",65.49670939,31.46625256,86.59460208,"Striped Bass"
"31367","Delta","Eurytemora",10,"Zoop",76.47912032,53.03542621,88.79252131,"Striped Bass"
"31439","Delta","Sinocalanus",10,"Zoop",70.83780655,55.92854315,85.51231914,"Striped Bass"
"31511","Delta","Bosmina",10,"Zoop",72.12121742,59.92430246,84.94362484,"Striped Bass"
"31583","Delta","Daphnia",10,"Zoop",74.0774661,46.59971126,90.58165038,"Striped Bass"
"31655","Suisun Bay","Acartia",10,"Zoop",75.37283646,22.59089318,93.06073307,"Striped Bass"
"31727","Suisun Bay","Oithona",10,"Zoop",69.72413948,16.08632169,90.87721194,"Striped Bass"
"31799","Suisun Bay","Tortanus",10,"Zoop",60.80779823,12.00452345,87.13675089,"Striped Bass"
"31871","Suisun Bay","Morone saxatilis",10,"Fish",63.81217763,52.96995457,77.99415205,"Striped Bass"
"31943","Confluence","Morone saxatilis",10,"Fish",62.20266581,41.89073348,82.6683358,"Striped Bass"
"32009","Delta","Morone saxatilis",10,"Fish",60.45072007,31.80078399,84.63747137,"Striped Bass"
"32081","Suisun Bay","Acartiella",1,"Zoop",24.45565193,16.08850064,37.07847147,"Threadfin shad"
"32165","Suisun Bay","Limnoithona",1,"Zoop",26.72870841,19.4272533,37.53447479,"Threadfin shad"
"32249","Confluence","Limnoithona",1,"Zoop",26.60526949,16.05053715,40.73610039,"Threadfin shad"
"32333","Suisun Bay","Pseudodiaptomus",1,"Zoop",23.67914174,16.61125474,33.64775361,"Threadfin shad"
"32417","Confluence","Pseudodiaptomus",1,"Zoop",17.93830476,11.12038729,28.26524669,"Threadfin shad"
"32501","Delta","Pseudodiaptomus",1,"Zoop",6.265963391,3.692701354,11.21335953,"Threadfin shad"
"32585","Suisun Bay","Eurytemora",1,"Zoop",33.35584064,21.60439291,47.08653845,"Threadfin shad"
"32662","Delta","Eurytemora",1,"Zoop",36.72967014,26.69427724,47.95813057,"Threadfin shad"
"32746","Delta","Sinocalanus",1,"Zoop",21.09467518,13.49415265,31.70176927,"Threadfin shad"
"32830","Delta","Bosmina",1,"Zoop",25.55867655,19.17891005,35.08964772,"Threadfin shad"
"32914","Delta","Daphnia",1,"Zoop",28.67177326,17.50461619,43.72922301,"Threadfin shad"
"32998","Suisun Bay","Acartia",1,"Zoop",26.26912008,11.35530381,45.78230558,"Threadfin shad"
"33082","Suisun Bay","Oithona",1,"Zoop",13.24231477,4.930263623,28.71134049,"Threadfin shad"
"33166","Suisun Bay","Tortanus",1,"Zoop",9.71441169,2.760574069,24.80174531,"Threadfin shad"
"33250","Suisun Bay","Dorosoma petenense",1,"Fish",22.01956811,7.883283557,42.81814671,"Threadfin shad"
"33285","Confluence","Dorosoma petenense",1,"Fish",27.8455114,18.59844602,41.0649504,"Threadfin shad"
"33341","Delta","Dorosoma petenense",1,"Fish",21.86976821,16.45052541,30.15531025,"Threadfin shad"
"33404","Suisun Bay","Acartiella",2,"Zoop",41.08481765,30.68138172,56.48704558,"Threadfin shad"
"33488","Suisun Bay","Limnoithona",2,"Zoop",43.26688482,34.57590345,56.02365556,"Threadfin shad"
"33572","Confluence","Limnoithona",2,"Zoop",43.00382631,29.06091145,59.30852943,"Threadfin shad"
"33656","Suisun Bay","Pseudodiaptomus",2,"Zoop",40.9711575,32.25499484,53.34259067,"Threadfin shad"
"33740","Confluence","Pseudodiaptomus",2,"Zoop",34.85597125,25.40123775,48.81408207,"Threadfin shad"
"33824","Delta","Pseudodiaptomus",2,"Zoop",18.34423414,13.33661544,28.1198415,"Threadfin shad"
"33908","Suisun Bay","Eurytemora",2,"Zoop",49.23277515,34.18023396,64.0429618,"Threadfin shad"
"33985","Delta","Eurytemora",2,"Zoop",51.9150447,39.59627652,63.77645166,"Threadfin shad"
"34069","Delta","Sinocalanus",2,"Zoop",38.32336984,28.28347108,51.99974762,"Threadfin shad"
"34153","Delta","Bosmina",2,"Zoop",41.90485854,34.16045963,53.7148795,"Threadfin shad"
"34237","Delta","Daphnia",2,"Zoop",45.15913768,31.06692184,62.46155909,"Threadfin shad"
"34321","Suisun Bay","Acartia",2,"Zoop",42.39405563,21.27478213,65.4496671,"Threadfin shad"
"34405","Suisun Bay","Oithona",2,"Zoop",26.51679844,12.20336216,49.92660886,"Threadfin shad"
"34489","Suisun Bay","Tortanus",2,"Zoop",23.15149744,10.27143683,46.68139598,"Threadfin shad"
"34573","Suisun Bay","Dorosoma petenense",2,"Fish",38.76562008,18.05968689,63.48973355,"Threadfin shad"
"34608","Confluence","Dorosoma petenense",2,"Fish",44.63897147,33.57064689,60.00344718,"Threadfin shad"
"34664","Delta","Dorosoma petenense",2,"Fish",38.62184235,31.93125881,49.25062898,"Threadfin shad"
"34727","Suisun Bay","Acartiella",3,"Zoop",50.29560869,38.69438725,66.49555641,"Threadfin shad"
"34811","Suisun Bay","Limnoithona",3,"Zoop",52.16363177,42.50209487,65.46504958,"Threadfin shad"
"34895","Confluence","Limnoithona",3,"Zoop",51.83757975,34.97577523,68.65007051,"Threadfin shad"
"34979","Suisun Bay","Pseudodiaptomus",3,"Zoop",50.60762537,41.26160602,63.67368881,"Threadfin shad"
"35063","Confluence","Pseudodiaptomus",3,"Zoop",44.92119611,34.33147671,60.09074972,"Threadfin shad"
"35147","Delta","Pseudodiaptomus",3,"Zoop",27.58744742,21.38996617,39.87419681,"Threadfin shad"
"35231","Suisun Bay","Eurytemora",3,"Zoop",57.3617684,39.22101866,72.2974622,"Threadfin shad"
"35308","Delta","Eurytemora",3,"Zoop",59.60063484,45.06658402,71.51879864,"Threadfin shad"
"35392","Delta","Sinocalanus",3,"Zoop",48.28197965,37.25594468,62.88530644,"Threadfin shad"
"35476","Delta","Bosmina",3,"Zoop",50.97147902,42.53863783,63.51644078,"Threadfin shad"
"35560","Delta","Daphnia",3,"Zoop",54.01883194,37.78690998,71.76065842,"Threadfin shad"
"35644","Suisun Bay","Acartia",3,"Zoop",51.55441892,25.79089567,75.24034204,"Threadfin shad"
"35728","Suisun Bay","Oithona",3,"Zoop",35.55645356,16.70671588,62.20555595,"Threadfin shad"
"35812","Suisun Bay","Tortanus",3,"Zoop",32.51952251,15.0836378,59.42902997,"Threadfin shad"
"35896","Suisun Bay","Dorosoma petenense",3,"Fish",48.22395491,22.03600663,73.67668313,"Threadfin shad"
"35931","Confluence","Dorosoma petenense",3,"Fish",53.63495027,41.42432161,69.48681765,"Threadfin shad"
"35987","Delta","Dorosoma petenense",3,"Fish",48.10387981,40.87204437,59.52875262,"Threadfin shad"
"36050","Suisun Bay","Acartiella",4,"Zoop",56.28789437,43.55441787,72.74524081,"Threadfin shad"
"36134","Suisun Bay","Limnoithona",4,"Zoop",57.88039238,47.23253816,71.36764486,"Threadfin shad"
"36218","Confluence","Limnoithona",4,"Zoop",57.50770687,37.80512359,74.43362836,"Threadfin shad"
"36302","Suisun Bay","Pseudodiaptomus",4,"Zoop",56.88538615,47.06832105,70.17899388,"Threadfin shad"
"36386","Confluence","Pseudodiaptomus",4,"Zoop",51.65180497,40.22765276,67.305073,"Threadfin shad"
"36470","Delta","Pseudodiaptomus",4,"Zoop",34.47548523,27.44063079,48.23561145,"Threadfin shad"
"36554","Suisun Bay","Eurytemora",4,"Zoop",62.46797934,41.38854708,77.3514279,"Threadfin shad"
"36631","Delta","Eurytemora",4,"Zoop",64.40105499,47.72469669,76.28915381,"Threadfin shad"
"36715","Delta","Sinocalanus",4,"Zoop",54.86820184,43.14684199,69.78183775,"Threadfin shad"
"36799","Delta","Bosmina",4,"Zoop",56.87566522,47.826178,69.71763114,"Threadfin shad"
"36883","Delta","Daphnia",4,"Zoop",59.71265081,41.44544614,77.45384901,"Threadfin shad"
"36967","Suisun Bay","Acartia",4,"Zoop",57.59304421,27.54323002,81.14319431,"Threadfin shad"
"37051","Suisun Bay","Oithona",4,"Zoop",42.01384874,18.67005035,70.14191163,"Threadfin shad"
"37135","Suisun Bay","Tortanus",4,"Zoop",39.2316769,17.00719065,67.69994478,"Threadfin shad"
"37219","Suisun Bay","Dorosoma petenense",4,"Fish",54.42179309,22.96437654,79.80628741,"Threadfin shad"
"37254","Confluence","Dorosoma petenense",4,"Fish",59.40674278,46.09086771,75.3328761,"Threadfin shad"
"37310","Delta","Dorosoma petenense",4,"Fish",54.32270322,46.63922266,66.09754749,"Threadfin shad"
"37373","Suisun Bay","Acartiella",5,"Zoop",60.57475749,46.72107491,77.07662586,"Threadfin shad"
"37457","Suisun Bay","Limnoithona",5,"Zoop",61.94155349,50.29903644,75.47746703,"Threadfin shad"
"37541","Confluence","Limnoithona",5,"Zoop",61.5278102,39.13908715,78.42761461,"Threadfin shad"
"37625","Suisun Bay","Pseudodiaptomus",5,"Zoop",61.37765333,51.12573223,74.71448427,"Threadfin shad"
"37709","Confluence","Pseudodiaptomus",5,"Zoop",56.5364392,44.36832475,72.37046298,"Threadfin shad"
"37793","Delta","Pseudodiaptomus",5,"Zoop",39.78651637,32.01403298,54.49277577,"Threadfin shad"
"37877","Suisun Bay","Eurytemora",5,"Zoop",66.04196435,42.25709817,80.82498345,"Threadfin shad"
"37954","Delta","Eurytemora",5,"Zoop",67.7464668,49.07013617,79.58850966,"Threadfin shad"
"38038","Delta","Sinocalanus",5,"Zoop",59.61964807,47.29047369,74.59517502,"Threadfin shad"
"38122","Delta","Bosmina",5,"Zoop",61.10159007,51.44485721,74.06177097,"Threadfin shad"
"38206","Delta","Daphnia",5,"Zoop",63.75822988,43.54699068,81.34362861,"Threadfin shad"
"38290","Suisun Bay","Acartia",5,"Zoop",61.94593244,27.93273305,85.09041236,"Threadfin shad"
"38374","Suisun Bay","Oithona",5,"Zoop",46.88416507,19.06887344,75.68662519,"Threadfin shad"
"38458","Suisun Bay","Tortanus",5,"Zoop",44.29251346,17.20959648,73.50102162,"Threadfin shad"
"38542","Suisun Bay","Dorosoma petenense",5,"Fish",58.87193314,22.56936394,83.91069508,"Threadfin shad"
"38577","Confluence","Dorosoma petenense",5,"Fish",63.50401602,49.09434258,79.35308436,"Threadfin shad"
"38633","Delta","Dorosoma petenense",5,"Fish",58.79005004,50.66689297,70.72996766,"Threadfin shad"
"38696","Suisun Bay","Acartiella",6,"Zoop",63.83431997,48.88184638,80.28023958,"Threadfin shad"
"38780","Suisun Bay","Limnoithona",6,"Zoop",65.01529217,52.39246141,78.53599287,"Threadfin shad"
"38864","Confluence","Limnoithona",6,"Zoop",64.56322159,39.68323446,81.37753928,"Threadfin shad"
"38948","Suisun Bay","Pseudodiaptomus",6,"Zoop",64.7928572,54.11897254,78.08570345,"Threadfin shad"
"39032","Confluence","Pseudodiaptomus",6,"Zoop",60.28272879,47.41179472,76.14758252,"Threadfin shad"
"39116","Delta","Pseudodiaptomus",6,"Zoop",44.0213755,35.5403419,59.37175694,"Threadfin shad"
"39200","Suisun Bay","Eurytemora",6,"Zoop",68.71619453,42.47794052,83.38541265,"Threadfin shad"
"39277","Delta","Eurytemora",6,"Zoop",70.24006995,49.72523857,82.03580338,"Threadfin shad"
"39361","Delta","Sinocalanus",6,"Zoop",63.24996366,50.35103235,78.16860985,"Threadfin shad"
"39445","Delta","Bosmina",6,"Zoop",64.31554951,54.05808533,77.30599244,"Threadfin shad"
"39529","Delta","Daphnia",6,"Zoop",66.82055429,44.77352306,84.18666162,"Threadfin shad"
"39613","Suisun Bay","Acartia",6,"Zoop",65.27145001,27.64946511,87.90607174,"Threadfin shad"
"39697","Suisun Bay","Oithona",6,"Zoop",50.71518034,18.62029311,79.77178677,"Threadfin shad"
"39781","Suisun Bay","Tortanus",6,"Zoop",48.26828843,16.53298812,77.79261505,"Threadfin shad"
"39865","Suisun Bay","Dorosoma petenense",6,"Fish",62.26284801,21.63831452,86.84724824,"Threadfin shad"
"39900","Confluence","Dorosoma petenense",6,"Fish",66.60387609,51.12623079,82.31011884,"Threadfin shad"
"39956","Delta","Dorosoma petenense",6,"Fish",62.1951032,53.63521459,74.20752299,"Threadfin shad"
"40019","Suisun Bay","Acartiella",7,"Zoop",66.41972977,50.40052407,82.75734031,"Threadfin shad"
"40103","Suisun Bay","Limnoithona",7,"Zoop",67.44521948,53.87002747,80.91746821,"Threadfin shad"
"40187","Confluence","Limnoithona",7,"Zoop",66.95658117,39.78842941,83.65792992,"Threadfin shad"
"40271","Suisun Bay","Pseudodiaptomus",7,"Zoop",67.50073987,56.41357036,80.7039761,"Threadfin shad"
"40355","Confluence","Pseudodiaptomus",7,"Zoop",63.2709654,49.72474882,79.08449119,"Threadfin shad"
"40439","Delta","Pseudodiaptomus",7,"Zoop",47.49247998,38.3126308,63.29836277,"Threadfin shad"
"40523","Suisun Bay","Eurytemora",7,"Zoop",70.8099574,42.36016979,85.36365475,"Threadfin shad"
"40600","Delta","Eurytemora",7,"Zoop",72.1853844,49.99078302,83.93845157,"Threadfin shad"
"40684","Delta","Sinocalanus",7,"Zoop",66.1379435,52.69283638,80.93724781,"Threadfin shad"
"40768","Delta","Bosmina",7,"Zoop",66.86496439,56.01725042,79.83736891,"Threadfin shad"
"40852","Delta","Daphnia",7,"Zoop",69.2416436,45.47411086,86.36179273,"Threadfin shad"
"40936","Suisun Bay","Acartia",7,"Zoop",67.91745746,27.04524521,90.0052498,"Threadfin shad"
"41020","Suisun Bay","Oithona",7,"Zoop",53.82646353,17.75887557,82.89825003,"Threadfin shad"
"41104","Suisun Bay","Tortanus",7,"Zoop",51.49181198,15.46739657,81.09105635,"Threadfin shad"
"41188","Suisun Bay","Dorosoma petenense",7,"Fish",64.95601933,20.5357057,89.04513525,"Threadfin shad"
"41223","Confluence","Dorosoma petenense",7,"Fish",69.05392944,52.54482969,84.5866688,"Threadfin shad"
"41279","Delta","Dorosoma petenense",7,"Fish",64.90006379,55.90786179,76.93305039,"Threadfin shad"
"41342","Suisun Bay","Acartiella",8,"Zoop",68.53493833,51.4873541,84.73549512,"Threadfin shad"
"41426","Suisun Bay","Limnoithona",8,"Zoop",69.42815371,54.93527831,82.83351,"Threadfin shad"
"41510","Confluence","Limnoithona",8,"Zoop",68.90429893,39.64401695,85.47981668,"Threadfin shad"
"41594","Suisun Bay","Pseudodiaptomus",8,"Zoop",69.71509669,58.22319234,82.80352361,"Threadfin shad"
"41678","Confluence","Pseudodiaptomus",8,"Zoop",65.72516085,51.52702379,81.4394375,"Threadfin shad"
"41762","Delta","Pseudodiaptomus",8,"Zoop",50.40135581,40.52852269,66.53726576,"Threadfin shad"
"41846","Suisun Bay","Eurytemora",8,"Zoop",72.50390372,42.06423296,86.94466731,"Threadfin shad"
"41923","Delta","Eurytemora",8,"Zoop",73.75376464,50.02740542,85.46852786,"Threadfin shad"
"42007","Delta","Sinocalanus",8,"Zoop",68.50500812,54.5324987,83.15042672,"Threadfin shad"
"42091","Delta","Bosmina",8,"Zoop",68.95065802,57.52656573,81.87659913,"Threadfin shad"
"42175","Delta","Daphnia",8,"Zoop",71.21744695,45.84392178,88.08182744,"Threadfin shad"
"42259","Suisun Bay","Acartia",8,"Zoop",70.0868656,26.30546714,91.62133522,"Threadfin shad"
"42343","Suisun Bay","Oithona",8,"Zoop",56.41650233,16.73337493,85.36001357,"Threadfin shad"
"42427","Suisun Bay","Tortanus",8,"Zoop",54.17042053,14.28028771,83.6996005,"Threadfin shad"
"42511","Suisun Bay","Dorosoma petenense",8,"Fish",67.16128325,19.4313379,90.74481619,"Threadfin shad"
"42546","Confluence","Dorosoma petenense",8,"Fish",71.05306827,53.55437148,86.39811381,"Threadfin shad"
"42602","Delta","Dorosoma petenense",8,"Fish",67.1153149,57.69768168,79.13748374,"Threadfin shad"
"42665","Suisun Bay","Acartiella",9,"Zoop",70.30692034,52.2721894,86.35439314,"Threadfin shad"
"42749","Suisun Bay","Limnoithona",9,"Zoop",71.08591618,55.71277043,84.41382336,"Threadfin shad"
"42833","Confluence","Limnoithona",9,"Zoop",70.52798767,39.35823985,86.9721663,"Threadfin shad"
"42917","Suisun Bay","Pseudodiaptomus",9,"Zoop",71.56913007,59.6816174,84.52855799,"Threadfin shad"
"43001","Confluence","Pseudodiaptomus",9,"Zoop",67.78669093,52.95848661,83.37273776,"Threadfin shad"
"43085","Delta","Pseudodiaptomus",9,"Zoop",52.88328808,42.32399596,69.26169916,"Threadfin shad"
"43169","Suisun Bay","Eurytemora",9,"Zoop",73.90885074,41.67847694,88.24085759,"Threadfin shad"
"43246","Delta","Eurytemora",9,"Zoop",75.05015033,49.92702004,86.73076898,"Threadfin shad"
"43330","Delta","Sinocalanus",9,"Zoop",70.49016349,56.00718366,84.96229507,"Threadfin shad"
"43414","Delta","Bosmina",9,"Zoop",70.69774007,58.7132136,83.55974605,"Threadfin shad"
"43498","Delta","Daphnia",9,"Zoop",72.86927279,45.99937526,89.47643264,"Threadfin shad"
"43582","Suisun Bay","Acartia",9,"Zoop",71.90692255,25.52948806,92.89624693,"Threadfin shad"
"43666","Suisun Bay","Oithona",9,"Zoop",58.61531613,15.68146815,87.34156381,"Threadfin shad"
"43750","Suisun Bay","Tortanus",9,"Zoop",56.4401139,13.11113365,85.8086784,"Threadfin shad"
"43834","Suisun Bay","Dorosoma petenense",9,"Fish",69.00973816,18.40160018,92.09221553,"Threadfin shad"
"43869","Confluence","Dorosoma petenense",9,"Fish",72.72430646,54.27974459,87.87592969,"Threadfin shad"
"43925","Delta","Dorosoma petenense",9,"Fish",68.97235313,59.13803163,80.96375836,"Threadfin shad"
"43988","Suisun Bay","Acartiella",10,"Zoop",71.81936049,52.83944679,87.7050262,"Threadfin shad"
"44072","Suisun Bay","Limnoithona",10,"Zoop",72.49844514,56.2829757,85.74284945,"Threadfin shad"
"44156","Confluence","Limnoithona",10,"Zoop",71.9074582,38.99551212,88.21872244,"Threadfin shad"
"44240","Suisun Bay","Pseudodiaptomus",10,"Zoop",73.15067136,60.87717326,85.97324812,"Threadfin shad"
"44324","Confluence","Pseudodiaptomus",10,"Zoop",69.54966434,54.11246025,84.98969038,"Threadfin shad"
"44408","Delta","Pseudodiaptomus",10,"Zoop",55.03246954,43.79504426,71.59004117,"Threadfin shad"
"44492","Suisun Bay","Eurytemora",10,"Zoop",75.09701286,41.25340232,89.32492776,"Threadfin shad"
"44569","Delta","Eurytemora",10,"Zoop",76.14283179,49.74485889,87.79301876,"Threadfin shad"
"44653","Delta","Sinocalanus",10,"Zoop",72.18558496,57.20816756,86.47378267,"Threadfin shad"
"44737","Delta","Bosmina",10,"Zoop",72.18870728,59.66073257,84.97577174,"Threadfin shad"
"44821","Delta","Daphnia",10,"Zoop",74.27673714,46.01337015,90.62956059,"Threadfin shad"
"44905","Suisun Bay","Acartia",10,"Zoop",73.46195764,24.77030167,93.92149407,"Threadfin shad"
"44989","Suisun Bay","Oithona",10,"Zoop",60.51188347,14.67607333,88.96481371,"Threadfin shad"
"45073","Suisun Bay","Tortanus",10,"Zoop",58.39401868,12.02772911,87.54424147,"Threadfin shad"
"45157","Suisun Bay","Dorosoma petenense",10,"Fish",70.58800817,17.47676377,93.18133401,"Threadfin shad"
"45192","Confluence","Dorosoma petenense",10,"Fish",74.14832141,54.80151788,89.1053934,"Threadfin shad"
"45248","Delta","Dorosoma petenense",10,"Fish",70.55809344,60.31698989,82.50561706,"Threadfin shad"
